Date,Rot,VH,Team,1st,2nd,3rd,Final,Open,Close,Open OU,,Close OU,
119,1,V,Pittsburgh,2,0,1,3,-115,-110,6,-125,6,-130
119,2,H,Philadelphia,0,1,0,1,-105,-110,6,105,6,110
119,3,V,Ottawa,1,1,2,4,100,105,6,100,6,115
119,4,H,Winnipeg,1,0,0,1,-120,-125,6,-120,6,-135
119,5,V,Chicago,3,1,1,5,110,105,5,-115,5,-135
119,6,H,LosAngeles,0,1,1,2,-130,-125,5,-105,5,115
119,7,V,NYRangers,0,1,0,1,100,120,5,-120,5,-125
119,8,H,Boston,1,1,1,3,-120,-140,5,100,5,105
119,9,V,Toronto,1,1,0,2,115,120,5.5,100,5.5,105
119,10,H,Montreal,0,0,1,1,-135,-140,5.5,-120,5.5,-125
119,11,V,NewJersey,0,1,1,2,-120,-120,5,-120,5,-135
119,12,H,NYIslanders,0,0,1,1,100,100,5,100,5,115
119,13,V,Washington,1,2,0,3,-104,-105,6,100,6,120
119,14,H,TampaBay,2,1,3,6,-116,-115,6,-120,6,-140
119,15,V,Carolina,0,1,0,1,100,100,5,-125,5,-140
119,16,H,Florida,4,1,0,5,-120,-120,5,105,5,120
119,17,V,Detroit,0,0,0,0,115,120,5,-115,5,-130
119,18,H,St.Louis,2,2,2,6,-135,-140,5,-105,5,110
119,19,V,Columbus,1,1,0,3,162,150,5.5,100,5.5,105
119,20,H,Nashville,2,0,0,2,-182,-170,5.5,-120,5.5,-125
119,21,V,Phoenix,0,2,1,3,105,100,5,-115,5,-125
119,22,H,Dallas,1,1,2,4,-125,-120,5,-105,5,105
119,23,V,Colorado,1,0,1,2,110,115,5,-125,5,-125
119,24,H,Minnesota,0,3,1,4,-130,-135,5,105,5,105
119,25,V,Anaheim,2,4,1,7,155,130,5.5,-105,5.5,125
119,26,H,Vancouver,2,0,1,3,-175,-150,5.5,-115,5.5,-145
120,51,V,Philadelphia,0,2,0,2,-105,115,5.5,-110,5.5,-115
120,52,H,Buffalo,1,1,3,5,-115,-135,5.5,-110,5.5,-105
120,53,V,Pittsburgh,3,1,2,6,-105,-110,5.5,-110,5.5,115
120,54,H,NYRangers,1,0,2,3,-115,-110,5.5,-110,5.5,-135
120,55,V,SanJose,0,3,1,4,-104,-125,5,-135,5,-140
120,56,H,Calgary,1,0,0,1,-116,105,5,115,5,120
120,57,V,Dallas,0,0,0,0,125,135,5,-135,5,-145
120,58,H,Minnesota,1,0,0,1,-145,-155,5,115,5,125
120,59,V,Edmonton,0,1,1,3,130,120,5.5,-110,5.5,105
120,60,H,Vancouver,1,1,0,2,-150,-140,5.5,-110,5.5,-125
120,61,V,Chicago,1,3,2,6,-115,-110,5.5,120,5.5,115
120,62,H,Phoenix,1,1,2,4,-105,-110,5.5,-140,5.5,-135
121,1,V,Winnipeg,1,0,0,1,177,170,5.5,-115,5.5,-115
121,2,H,Boston,1,0,0,2,-197,-200,5.5,-105,5.5,-105
121,3,V,TampaBay,0,0,3,3,-115,-120,5.5,-135,5.5,-130
121,4,H,NYIslanders,0,3,1,4,-105,100,5.5,115,5.5,110
121,5,V,St.Louis,2,0,1,4,-111,-125,5,-115,5,-115
121,6,H,Nashville,2,1,0,3,-109,105,5,-105,5,-105
121,7,V,Buffalo,1,1,0,2,-105,100,5.5,-111,5.5,105
121,8,H,Toronto,0,0,1,1,-115,-120,5.5,-109,5.5,-125
121,9,V,Florida,0,0,0,0,120,120,5.5,100,5.5,105
121,10,H,Ottawa,1,1,2,4,-140,-140,5.5,-120,5.5,-125
121,11,V,Detroit,0,2,1,4,-125,-130,5.5,-111,5.5,110
121,12,H,Columbus,0,1,2,3,105,110,5.5,-109,5.5,-130
121,13,V,Anaheim,3,0,2,5,-104,-120,5.5,100,5.5,115
121,14,H,Calgary,2,1,1,4,-116,100,5.5,-120,5.5,-135
122,51,V,Winnipeg,2,2,0,4,150,140,5.5,-135,5.5,-115
122,52,H,Washington,1,0,1,2,-170,-160,5.5,115,5.5,-105
122,53,V,TampaBay,2,0,2,4,115,130,5.5,-140,5.5,-120
122,54,H,Carolina,0,1,0,1,-135,-150,5.5,120,5.5,100
122,55,V,Florida,0,1,0,1,128,130,5.5,111,5.5,125
122,56,H,Montreal,2,2,0,4,-148,-150,5.5,-131,5.5,-145
122,57,V,Philadelphia,0,0,0,0,100,-115,5.5,106,5.5,110
122,58,H,NewJersey,2,1,0,3,-120,-105,5.5,-126,5.5,-130
122,59,V,Dallas,1,0,1,2,145,110,5.5,-106,5.5,-105
122,60,H,Detroit,0,0,1,1,-165,-130,5.5,-114,5.5,-115
122,61,V,Nashville,1,0,2,3,110,130,5,-125,5,-135
122,62,H,Minnesota,1,0,0,1,-130,-150,5,105,5,115
122,63,V,St.Louis,0,0,2,2,105,105,5.5,105,5.5,115
122,64,H,Chicago,1,1,1,3,-125,-125,5.5,-125,5.5,-135
122,65,V,LosAngeles,1,0,0,1,-104,-125,5,-125,5,-130
122,66,H,Colorado,0,0,3,3,-116,105,5,105,5,110
122,67,V,SanJose,6,0,0,6,-120,-125,5.5,110,5.5,105
122,68,H,Edmonton,1,1,1,3,100,105,5.5,-130,5.5,-125
123,1,V,Toronto,0,3,2,5,190,190,6,-110,6,-110
123,2,H,Pittsburgh,1,1,0,2,-220,-220,6,-110,6,-110
123,3,V,Boston,0,2,1,3,110,110,5,-120,5,-130
123,4,H,NYRangers,2,1,0,4,-130,-130,5,100,5,110
123,5,V,Calgary,0,2,0,2,155,155,5.5,110,5.5,110
123,6,H,Vancouver,0,2,0,3,-175,-175,5.5,-130,5.5,-130
123,7,V,Columbus,0,1,0,1,145,145,5.5,110,5.5,110
123,8,H,Phoenix,0,2,3,5,-165,-165,5.5,-130,5.5,-130
124,51,V,NYIslanders,1,2,4,7,110,-105,5.5,-110,5.5,-110
124,52,H,Toronto,3,0,1,4,-130,-115,5.5,-110,5.5,-110
124,53,V,NYRangers,0,0,1,1,105,-115,5.5,120,5.5,120
124,54,H,Philadelphia,0,2,0,2,-125,-105,5.5,-140,5.5,-140
124,55,V,Montreal,0,4,0,4,120,110,5.5,110,5.5,110
124,56,H,Washington,0,0,1,1,-140,-130,5.5,-130,5.5,-130
124,57,V,Buffalo,0,2,1,3,100,110,5.5,105,5.5,105
124,58,H,Carolina,0,4,2,6,-120,-130,5.5,-125,5.5,-125
124,59,V,Ottawa,1,1,1,3,-104,-130,5.5,105,5.5,105
124,60,H,Florida,1,0,0,1,-116,110,5.5,-125,5.5,-125
124,61,V,Nashville,0,0,0,0,145,155,5,-120,5,-120
124,62,H,St.Louis,1,1,1,3,-165,-175,5,100,5,100
124,63,V,Chicago,0,1,1,3,-130,-125,5.5,-110,5.5,-110
124,64,H,Dallas,1,1,0,2,110,105,5.5,-110,5.5,-110
124,65,V,Columbus,0,0,0,0,150,140,5.5,100,5.5,105
124,66,H,Colorado,2,0,2,4,-170,-160,5.5,-120,5.5,-125
124,67,V,LosAngeles,0,1,0,1,-125,-130,5,-135,5,-140
124,68,H,Edmonton,0,0,1,2,105,110,5,115,5,120
124,69,V,Phoenix,0,1,2,3,155,170,5.5,100,5.5,105
124,70,H,SanJose,1,0,4,5,-175,-200,5.5,-120,5.5,-125
125,1,V,NYIslanders,1,1,0,2,175,170,5.5,-105,5.5,100
125,2,H,Boston,1,1,2,4,-205,-200,5.5,-115,5.5,-120
125,3,V,Carolina,0,0,3,3,125,135,5.5,100,5.5,105
125,4,H,Buffalo,0,0,1,1,-145,-155,5.5,-120,5.5,-125
125,5,V,Washington,0,0,2,2,115,150,5.5,110,5.5,125
125,6,H,NewJersey,1,1,0,3,-135,-170,5.5,-130,5.5,-145
125,7,V,Ottawa,0,4,0,4,-105,110,5.5,-135,5.5,-135
125,8,H,TampaBay,1,2,3,6,-115,-130,5.5,115,5.5,115
125,9,V,Minnesota,0,2,1,3,110,105,5.5,100,5.5,125
125,10,H,Detroit,0,4,1,5,-130,-125,5.5,-120,5.5,-145
125,11,V,Pittsburgh,2,0,0,2,-135,-140,5.5,-135,5.5,-135
125,12,H,Winnipeg,0,3,1,4,115,120,5.5,115,5.5,115
125,13,V,Vancouver,2,1,2,5,-105,100,5.5,-111,5.5,-105
125,14,H,Anaheim,0,0,0,0,-115,-120,5.5,-109,5.5,-115
126,51,V,Colorado,0,0,0,0,140,140,5.5,-105,5.5,105
126,52,H,SanJose,2,2,0,4,-160,-160,5.5,-115,5.5,-125
126,53,V,Toronto,2,0,0,2,150,160,5.5,100,5.5,115
126,54,H,NYRangers,0,1,4,5,-170,-180,5.5,-120,5.5,-135
126,55,V,Chicago,1,1,1,3,-145,-170,5.5,-110,5.5,-115
126,56,H,Columbus,1,0,1,2,125,150,5.5,-110,5.5,-105
126,57,V,Philadelphia,3,2,2,7,-125,-115,5.5,115,5.5,125
126,58,H,Florida,0,1,0,1,105,-105,5.5,-135,5.5,-145
126,59,V,St.Louis,1,3,0,4,-130,-165,5,-115,5,-130
126,60,H,Dallas,2,0,1,3,110,145,5,-105,5,110
126,61,V,LosAngeles,0,3,1,4,-130,-135,5,-130,5,-145
126,62,H,Phoenix,0,1,1,2,110,115,5,110,5,125
126,63,V,Edmonton,1,1,1,3,100,110,5.5,-105,5.5,-105
126,64,H,Calgary,2,2,0,4,-120,-130,5.5,-115,5.5,-115
126,65,V,Nashville,1,0,1,2,100,-115,5.5,115,5.5,120
126,66,H,Anaheim,0,1,1,3,-120,-105,5.5,-135,5.5,-140
127,1,V,Buffalo,1,0,1,2,-105,115,5.5,100,5.5,105
127,2,H,Washington,1,1,1,3,-115,-135,5.5,-120,5.5,-125
127,3,V,Pittsburgh,1,0,0,2,-120,-110,5.5,-140,5.5,-135
127,4,H,Ottawa,0,1,0,1,100,-110,5.5,120,5.5,115
127,5,V,NewJersey,0,1,2,3,-111,-110,5,-104,5,-120
127,6,H,Montreal,2,0,1,4,-109,-110,5,-116,5,100
127,7,V,Philadelphia,1,0,0,1,-105,125,6,-105,6,-105
127,8,H,TampaBay,3,0,2,5,-115,-145,6,-115,6,-115
127,9,V,Minnesota,0,3,1,4,136,140,5,-115,5,-125
127,10,H,St.Louis,1,1,2,5,-156,-160,5,-105,5,105
127,11,V,Detroit,0,0,1,1,120,130,5.5,-109,5.5,-115
127,12,H,Chicago,1,0,0,2,-140,-150,5.5,-111,5.5,-105
127,13,V,NYIslanders,1,0,3,4,120,115,5.5,-120,5.5,-115
127,14,H,Winnipeg,1,1,2,5,-140,-135,5.5,100,5.5,-105
127,15,V,Vancouver,0,1,0,1,105,100,5.5,-104,5.5,100
127,16,H,SanJose,2,1,1,4,-125,-120,5.5,-116,5.5,-120
128,51,V,Boston,2,1,2,5,-125,-110,5.5,-110,5.5,-110
128,52,H,Carolina,1,2,0,3,105,-110,5.5,-110,5.5,-110
128,53,V,Dallas,0,1,0,1,-104,-120,5.5,-105,5.5,115
128,54,H,Columbus,0,1,1,2,-116,100,5.5,-115,5.5,-135
128,55,V,Nashville,0,0,0,0,-104,-120,5.5,-105,5.5,110
128,56,H,Phoenix,1,1,2,4,-116,100,5.5,-115,5.5,-130
128,57,V,Colorado,0,0,1,1,110,130,5.5,-105,5.5,105
128,58,H,Edmonton,2,1,1,4,-130,-150,5.5,-115,5.5,-125
128,59,V,Vancouver,1,1,0,2,110,125,5,-125,5,-130
128,60,H,LosAngeles,0,1,1,3,-130,-145,5,105,5,110
129,1,V,NewJersey,0,1,0,1,130,145,5,-120,5,-130
129,2,H,Boston,0,0,1,2,-150,-165,5,100,5,110
129,3,V,Philadelphia,0,0,1,1,131,150,5.5,105,5.5,115
129,4,H,NYRangers,1,1,0,2,-151,-170,5.5,-125,5.5,-135
129,5,V,Toronto,1,2,0,4,135,135,5.5,100,5.5,100
129,6,H,Buffalo,1,1,1,3,-155,-155,5.5,-120,5.5,-120
129,7,V,NYIslanders,1,3,0,4,180,180,6,100,5.5,-130
129,8,H,Pittsburgh,0,0,1,1,-210,-210,6,-120,5.5,110
129,9,V,Winnipeg,1,2,0,3,125,115,5.5,-105,5.5,120
129,10,H,Montreal,2,1,1,4,-145,-135,5.5,-115,5.5,-140
129,11,V,Florida,1,0,1,2,155,150,5.5,-120,5.5,-115
129,12,H,TampaBay,2,2,1,5,-175,-170,5.5,100,5.5,-105
129,13,V,Washington,2,0,0,2,125,125,5.5,100,5.5,100
129,14,H,Ottawa,0,1,2,3,-145,-145,5.5,-120,5.5,-120
129,15,V,Dallas,0,1,0,1,131,150,5.5,100,5.5,120
129,16,H,Detroit,0,2,2,4,-151,-170,5.5,-120,5.5,-140
129,17,V,Columbus,0,1,1,2,151,170,5.5,115,5.5,120
129,18,H,Minnesota,2,0,1,3,-171,-200,5.5,-135,5.5,-140
129,19,V,Anaheim,0,2,0,2,146,145,5.5,-111,5.5,-105
129,20,H,SanJose,1,0,1,3,-166,-165,5.5,-109,5.5,-115
130,51,V,Montreal,1,0,0,1,130,130,5.5,-105,5.5,100
130,52,H,Ottawa,1,3,1,5,-150,-150,5.5,-115,5.5,-120
130,53,V,Chicago,2,0,0,2,-115,-135,5.5,-105,5.5,115
130,54,H,Minnesota,1,1,0,3,-105,115,5.5,-115,5.5,-135
130,55,V,Edmonton,1,0,0,2,100,110,5.5,-105,5.5,100
130,56,H,Phoenix,0,0,1,1,-120,-130,5.5,-115,5.5,-120
130,57,V,Colorado,0,0,0,0,140,160,5.5,105,5.5,120
130,58,H,Vancouver,1,1,1,3,-160,-180,5.5,-125,5.5,-140
131,1,V,Pittsburgh,1,0,2,3,105,100,5.5,-105,5.5,125
131,2,H,NYRangers,0,0,0,0,-125,-120,5.5,-115,5.5,-145
131,3,V,Buffalo,0,3,4,7,157,155,5.5,105,5.5,115
131,4,H,Boston,0,3,1,4,-177,-175,5.5,-125,5.5,-135
131,5,V,NYIslanders,1,2,1,5,145,120,5.5,130,5.5,130
131,6,H,NewJersey,0,3,1,4,-165,-140,5.5,-150,5.5,-150
131,7,V,St.Louis,3,0,1,4,-170,-180,5,-140,5,-140
131,8,H,Columbus,0,1,0,1,150,160,5,120,5,120
131,9,V,Washington,1,1,0,2,100,-110,5.5,-105,5.5,-115
131,10,H,Toronto,1,0,2,3,-120,-110,5.5,-115,5.5,-105
131,11,V,Winnipeg,0,1,2,3,-115,-110,5.5,-111,5.5,105
131,12,H,Florida,0,1,5,6,-105,-110,5.5,-109,5.5,-125
131,13,V,Colorado,1,2,3,6,120,155,5.5,-105,5.5,125
131,14,H,Calgary,1,2,0,3,-140,-175,5.5,-115,5.5,-145
131,15,V,Edmonton,0,1,1,2,173,170,5.5,-111,5.5,100
131,16,H,SanJose,0,2,0,3,-193,-200,5.5,-109,5.5,-120
131,17,V,Nashville,1,0,0,2,135,135,5,-110,5,100
131,18,H,LosAngeles,1,0,0,1,-155,-155,5,-110,5,-120
201,51,V,Ottawa,0,0,0,0,101,105,5.5,-105,5.5,-105
201,52,H,Carolina,1,0,0,1,-121,-125,5.5,-115,5.5,-115
201,53,V,Philadelphia,0,1,1,2,-104,-120,5.5,-111,5.5,-105
201,54,H,Washington,0,1,2,3,-116,100,5.5,-109,5.5,-115
201,55,V,St.Louis,2,1,0,3,-111,-110,5.5,110,5.5,125
201,56,H,Detroit,2,0,3,5,-109,-110,5.5,-130,5.5,-145
201,57,V,Winnipeg,0,0,3,3,135,170,6,-111,6,-110
201,58,H,TampaBay,3,3,2,8,-155,-200,6,-109,6,-110
201,59,V,Phoenix,1,2,0,3,108,100,5,-135,5,-135
201,60,H,Dallas,2,1,0,4,-128,-120,5,115,5,115
201,61,V,Minnesota,1,0,0,1,103,105,5.5,115,5.5,120
201,62,H,Anaheim,0,1,2,3,-123,-125,5.5,-135,5.5,-140
201,63,V,Chicago,0,0,1,1,-105,110,5.5,-111,5.5,115
201,64,H,Vancouver,1,0,0,2,-115,-130,5.5,-109,5.5,-135
202,1,V,NewJersey,0,1,0,1,140,135,5.5,110,5.5,115
202,2,H,Pittsburgh,0,2,3,5,-160,-155,5.5,-130,5.5,-135
202,3,V,Buffalo,0,0,1,1,108,115,5.5,115,5.5,130
202,4,H,Montreal,1,3,2,6,-128,-135,5.5,-135,5.5,-150
202,5,V,Edmonton,1,0,0,1,-102,110,5.5,-105,5.5,130
202,6,H,Colorado,0,2,1,3,-118,-130,5.5,-115,5.5,-150
202,7,V,Boston,1,0,0,1,-125,-150,5.5,-105,5.5,100
202,8,H,Toronto,0,0,0,0,105,130,5.5,-115,5.5,-120
202,9,V,Detroit,1,0,1,2,-128,-135,5.5,100,5.5,110
202,10,H,Columbus,1,2,1,4,108,115,5.5,-120,5.5,-130
202,11,V,NYRangers,0,1,2,3,-101,105,5.5,-104,5.5,-120
202,12,H,TampaBay,0,1,1,2,-119,-125,5.5,-116,5.5,100
202,13,V,Carolina,2,0,1,3,129,110,5.5,-104,5.5,-110
202,14,H,Philadelphia,3,2,0,5,-149,-130,5.5,-116,5.5,-110
202,15,V,Dallas,0,0,0,0,115,135,5,-130,5,-140
202,16,H,Phoenix,0,1,1,2,-135,-155,5,110,5,120
202,17,V,Chicago,0,0,2,3,-120,-115,5.5,-104,5.5,-110
202,18,H,Calgary,0,0,2,2,100,-105,5.5,-116,5.5,-110
202,19,V,LosAngeles,2,2,0,4,-109,-115,5,-115,5,-120
202,20,H,Anaheim,3,2,2,7,-111,-105,5,-105,5,100
202,21,V,Nashville,0,0,1,2,135,160,5,-125,5,-120
202,22,H,SanJose,0,0,1,1,-155,-180,5,105,5,100
203,51,V,Pittsburgh,2,3,1,6,-120,-135,5.5,105,5.5,100
203,52,H,Washington,1,1,1,3,100,115,5.5,-125,5.5,-120
203,53,V,Ottawa,1,0,0,1,100,110,5.5,105,5.5,130
203,54,H,Montreal,2,0,0,2,-120,-130,5.5,-125,5.5,-150
203,55,V,Florida,1,2,1,4,135,125,5.5,105,5.5,115
203,56,H,Buffalo,2,1,0,3,-155,-145,5.5,-125,5.5,-135
203,57,V,NewJersey,0,0,3,3,-105,105,5.5,115,5.5,120
203,58,H,NYIslanders,0,0,0,0,-115,-125,5.5,-135,5.5,-140
204,1,V,Carolina,0,2,2,4,-110,100,5.5,-104,5.5,-110
204,2,H,Toronto,1,0,0,1,-110,-120,5.5,-116,5.5,-110
204,3,V,Dallas,2,1,0,3,115,110,5,-120,5,-120
204,4,H,Colorado,1,1,0,2,-135,-130,5,100,5,100
204,5,V,Minnesota,0,1,0,1,100,115,5,-115,5,-125
204,6,H,Phoenix,1,1,0,2,-120,-135,5,-105,5,105
204,7,V,Vancouver,0,1,1,3,-115,-130,5.5,105,5.5,125
204,8,H,Edmonton,1,1,0,2,-105,110,5.5,-125,5.5,-145
204,9,V,SanJose,1,0,0,1,-115,-110,5.5,-105,5.5,105
204,10,H,Anaheim,0,0,2,2,-105,-110,5.5,-115,5.5,-125
205,51,V,Pittsburgh,1,1,2,4,-133,-145,5.5,-125,5.5,-130
205,52,H,NYIslanders,0,0,2,2,113,125,5.5,105,5.5,110
205,53,V,NYRangers,0,0,1,1,-104,-110,5,-105,5,-105
205,54,H,NewJersey,2,0,1,3,-116,-110,5,-115,5,-115
205,55,V,LosAngeles,0,3,1,4,-123,-155,5.5,110,5.5,120
205,56,H,Columbus,1,1,0,2,103,135,5.5,-130,5.5,-140
205,57,V,Toronto,2,1,0,3,125,135,5.5,-104,5.5,-110
205,58,H,Washington,1,0,1,2,-145,-155,5.5,-116,5.5,-110
205,59,V,TampaBay,0,0,1,1,-107,100,6,-105,6,-105
205,60,H,Philadelphia,0,1,1,2,-113,-120,6,-115,6,-115
205,61,V,Buffalo,1,1,1,3,-140,125,5.5,105,5.5,110
205,62,H,Ottawa,3,1,0,4,120,-145,5.5,-125,5.5,-130
205,63,V,Calgary,2,1,1,4,143,130,5.5,100,5.5,110
205,64,H,Detroit,0,1,0,1,-163,-150,5.5,-120,5.5,-130
205,65,V,Florida,1,1,0,2,128,115,5.5,-111,5.5,-105
205,66,H,Winnipeg,0,2,0,3,-148,-135,5.5,-109,5.5,-115
205,67,V,Nashville,3,2,1,6,145,170,5,-105,5,110
205,68,H,St.Louis,0,1,0,1,-165,-200,5,-115,5,-130
205,69,V,Chicago,3,1,1,5,110,-110,5.5,105,5.5,115
205,70,H,SanJose,3,0,0,3,-130,-110,5.5,-125,5.5,-135
206,1,V,Boston,0,0,2,2,-109,-110,5,-120,5,-130
206,2,H,Montreal,0,1,0,1,-111,-110,5,100,5,110
206,3,V,Anaheim,2,1,0,3,100,-130,5,-120,5,-150
206,4,H,Colorado,0,0,0,0,-120,110,5,100,5,130
206,5,V,Dallas,0,2,0,3,100,100,5,-120,5,-135
206,6,H,Edmonton,0,1,1,2,-120,-120,5,100,5,115
207,51,V,Calgary,1,1,1,4,-111,-115,5.5,-105,5.5,105
207,52,H,Columbus,2,0,1,3,-109,-105,5.5,-115,5.5,-125
207,53,V,NYIslanders,0,1,0,1,140,140,5.5,110,5.5,130
207,54,H,NYRangers,2,1,1,4,-160,-160,5.5,-130,5.5,-150
207,55,V,Montreal,1,2,1,4,105,120,5.5,110,5.5,110
207,56,H,Buffalo,1,1,2,5,-125,-140,5.5,-130,5.5,-130
207,57,V,Washington,1,0,1,2,175,170,5.5,-115,5.5,-125
207,58,H,Pittsburgh,0,5,0,5,-195,-200,5.5,-105,5.5,105
207,59,V,TampaBay,0,1,1,2,105,110,5.5,-105,5.5,105
207,60,H,NewJersey,0,2,2,4,-125,-130,5.5,-115,5.5,-125
207,61,V,Florida,1,0,1,3,138,125,5.5,-105,5.5,120
207,62,H,Philadelphia,1,1,0,2,-158,-145,5.5,-115,5.5,-140
207,63,V,Carolina,0,1,1,3,108,105,5.5,100,5.5,-105
207,64,H,Ottawa,1,1,0,2,-128,-125,5.5,-120,5.5,-115
207,65,V,Toronto,0,1,2,3,130,115,5.5,-115,5.5,-120
207,66,H,Winnipeg,0,1,1,2,-150,-135,5.5,-105,5.5,100
207,67,V,LosAngeles,0,0,0,0,105,-115,5,105,5,110
207,68,H,Nashville,1,2,0,3,-125,-105,5,-125,5,-130
207,69,V,Detroit,2,2,1,5,145,170,5.5,100,5.5,125
207,70,H,St.Louis,0,1,0,1,-165,-190,5.5,-120,5.5,-145
207,71,V,Vancouver,2,2,0,4,-104,-120,5,-115,5,-110
207,72,H,Minnesota,0,0,1,1,-116,100,5,-105,5,-110
207,73,V,Chicago,4,2,0,6,-109,-110,5,-135,5,-150
207,74,H,Phoenix,0,1,1,2,-111,-110,5,115,5,130
208,1,V,Anaheim,0,1,0,1,-104,-120,5,-120,5,-140
208,2,H,Dallas,2,0,1,3,-116,100,5,100,5,120
209,51,V,Pittsburgh,1,0,0,1,-115,-110,5.5,105,5.5,120
209,52,H,NewJersey,0,1,2,3,-105,-110,5.5,-125,5.5,-140
209,53,V,Carolina,1,1,1,3,110,110,5.5,-105,5.5,105
209,54,H,Philadelphia,1,2,0,4,-130,-130,5.5,-115,5.5,-125
209,57,V,Winnipeg,0,0,1,1,120,145,5.5,-115,5.5,-125
209,58,H,Ottawa,0,0,0,0,-140,-165,5.5,-105,5.5,105
209,59,V,Edmonton,0,1,0,1,140,150,5.5,105,5.5,110
209,60,H,Detroit,0,1,1,2,-160,-170,5.5,-125,5.5,-130
209,61,V,Phoenix,0,0,0,1,150,140,5.5,105,5.5,125
209,62,H,SanJose,0,0,0,0,-170,-160,5.5,-125,5.5,-145
209,63,V,Florida,0,0,0,0,100,110,5.5,100,5.5,115
209,64,H,Washington,1,2,2,5,-120,-130,5.5,-120,5.5,-135
209,65,V,Buffalo,1,1,1,3,-105,100,5.5,-120,5.5,-125
209,66,H,NYIslanders,1,1,0,2,-115,-120,5.5,100,5.5,105
209,67,V,Toronto,2,2,2,6,135,150,5,-135,5,-150
209,68,H,Montreal,0,0,0,0,-155,-170,5,115,5,130
209,69,V,Anaheim,1,3,1,6,150,170,5,-130,5,-140
209,70,H,St.Louis,3,0,2,5,-170,-190,5,110,5,120
209,71,V,Nashville,1,0,0,1,106,110,5,105,5,115
209,72,H,Minnesota,0,1,0,2,-126,-130,5,-125,5,-135
209,73,V,Calgary,1,0,0,1,173,170,5.5,100,5.5,110
209,74,H,Vancouver,0,3,2,5,-193,-200,5.5,-120,5.5,-130
210,1,V,LosAngeles,1,0,1,2,105,-110,5,-135,5,-140
210,2,H,Detroit,2,0,1,3,-125,-110,5,115,5,120
210,3,V,Edmonton,1,0,2,3,-115,-115,5.5,105,5.5,115
210,4,H,Columbus,0,0,1,1,-105,-105,5.5,-125,5.5,-135
210,5,V,Boston,0,1,2,3,-130,-145,5.5,-104,5.5,-110
210,6,H,Buffalo,0,1,0,1,110,125,5.5,-116,5.5,-110
210,7,V,NewJersey,1,2,0,3,140,145,5,-140,5,-145
210,8,H,Pittsburgh,0,0,1,1,-160,-165,5,120,5,125
210,9,V,TampaBay,0,1,0,1,125,125,5.5,-105,5.5,105
210,10,H,NYRangers,2,1,2,5,-145,-145,5.5,-115,5.5,-125
210,11,V,Chicago,0,2,1,3,-125,-130,5,-130,5,-120
210,12,H,Nashville,0,0,0,0,105,110,5,110,5,100
211,51,V,SanJose,0,1,1,2,-155,-190,5.5,105,5.5,105
211,52,H,Columbus,1,2,3,6,135,170,5.5,-125,5.5,-125
211,53,V,Carolina,1,1,4,6,-110,-105,5.5,-110,5.5,-120
211,54,H,NYIslanders,1,2,1,4,-110,-115,5.5,-110,5.5,100
211,55,V,Philadelphia,1,0,1,2,-110,-115,5.5,-105,5.5,100
211,56,H,Toronto,1,3,1,5,-110,-105,5.5,-115,5.5,-120
211,57,V,LosAngeles,1,2,1,4,132,145,5,-111,5,-110
211,58,H,St.Louis,0,1,0,1,-152,-165,5,-109,5,-110
211,59,V,Minnesota,0,1,0,2,-110,-110,5,-135,5,-150
211,60,H,Calgary,0,0,1,1,-110,-110,5,115,5,130
211,61,V,Phoenix,1,0,1,3,-110,-120,5.5,115,5,-130
211,62,H,Colorado,0,2,0,2,-110,100,5.5,-135,5,110
212,1,V,Carolina,0,2,2,4,128,135,5,-120,5,-140
212,2,H,NewJersey,1,0,1,2,-148,-155,5,100,5,120
212,3,V,Buffalo,0,0,0,0,112,120,5.5,-111,5.5,110
212,4,H,Ottawa,0,2,0,2,-132,-140,5.5,-109,5.5,-130
212,5,V,Montreal,1,2,0,4,110,115,5.5,-111,5.5,-105
212,6,H,TampaBay,0,0,3,3,-130,-135,5.5,-109,5.5,-115
212,7,V,NYRangers,1,1,1,4,115,115,5,-104,5,-110
212,8,H,Boston,0,0,3,3,-135,-135,5,-116,5,-110
212,9,V,Washington,1,2,2,6,105,110,5.5,100,5.5,115
212,10,H,Florida,2,2,1,5,-125,-130,5.5,-120,5.5,-135
212,11,V,SanJose,0,0,0,0,-106,-105,5,-105,5,100
212,12,H,Nashville,0,0,0,1,-114,-115,5,-115,5,-120
212,13,V,Philadelphia,2,0,1,3,100,125,5.5,-104,5.5,-110
212,14,H,Winnipeg,1,0,1,2,-120,-145,5.5,-116,5.5,-110
212,15,V,Anaheim,0,1,1,3,140,140,5.5,-104,5.5,-105
212,16,H,Chicago,0,2,0,2,-160,-160,5.5,-116,5.5,-115
212,17,V,Dallas,0,1,3,4,100,100,5,-115,5,-120
212,18,H,Edmonton,1,0,0,1,-120,-120,5,-105,5,100
212,19,V,Minnesota,0,1,0,1,158,190,5,-104,5,-105
212,20,H,Vancouver,1,1,0,2,-178,-230,5,-116,5,-115
213,51,V,Ottawa,0,2,0,2,160,170,5.5,-104,5.5,-105
213,52,H,Pittsburgh,1,1,2,4,-180,-200,5.5,-116,5.5,-115
213,53,V,St.Louis,1,2,0,4,115,100,5.5,100,5.5,120
213,54,H,Detroit,2,1,0,3,-135,-120,5.5,-120,5.5,-140
213,55,V,Dallas,1,2,1,4,115,130,5,-140,5,-155
213,56,H,Calgary,4,2,1,7,-135,-150,5,120,5,135
214,1,V,NYIslanders,0,3,0,4,170,140,5.5,110,5.5,110
214,2,H,NYRangers,2,1,0,3,-190,-160,5.5,-130,5.5,-130
214,3,V,Toronto,0,1,0,1,124,120,5.5,-109,5.5,-130
214,4,H,Carolina,0,3,0,3,-144,-140,5.5,-111,5.5,110
214,5,V,Montreal,0,0,0,1,-106,-125,5,-135,5,-140
214,6,H,Florida,0,0,0,0,-114,105,5,115,5,120
214,7,V,Washington,1,1,2,4,125,130,5.5,-135,5.5,-135
214,8,H,TampaBay,1,0,2,3,-145,-150,5.5,115,5.5,115
214,9,V,Phoenix,0,0,0,0,117,100,5,110,5,125
214,10,H,Nashville,0,0,3,3,-137,-120,5,-130,5,-145
214,11,V,Colorado,0,2,1,4,125,145,5,-104,5,-105
214,12,H,Minnesota,0,1,2,3,-145,-165,5,-116,5,-115
215,51,V,Boston,1,1,0,2,-140,-135,5.5,100,5.5,110
215,52,H,Buffalo,1,0,3,4,120,115,5.5,-120,5.5,-130
215,53,V,Pittsburgh,1,0,2,3,-128,-155,5.5,-120,5.5,-125
215,54,H,Winnipeg,0,0,1,1,108,135,5.5,100,5.5,105
215,55,V,Philadelphia,3,0,0,3,125,135,5,-135,5,-145
215,56,H,NewJersey,1,2,2,5,-145,-155,5,115,5,125
215,57,V,Anaheim,0,2,3,5,103,-105,5.5,-105,5.5,130
215,58,H,Detroit,0,2,0,2,-123,-115,5.5,-115,5.5,-150
215,59,V,SanJose,0,1,0,1,128,115,5.5,-105,5.5,100
215,60,H,Chicago,1,2,1,4,-148,-135,5.5,-115,5.5,-120
215,61,V,St.Louis,4,0,1,5,-115,-125,5.5,-105,5.5,100
215,62,H,Calgary,0,1,1,2,-105,105,5.5,-115,5.5,-120
215,63,V,Dallas,1,1,2,4,170,170,5,-125,5,-140
215,64,H,Vancouver,0,3,0,3,-190,-200,5,105,5,120
215,65,V,Columbus,0,0,1,1,185,155,5,-125,5,-150
215,66,H,LosAngeles,0,1,1,2,-215,-175,5,105,5,130
216,1,V,Philadelphia,0,1,0,1,120,135,5.5,105,5.5,-105
216,2,H,Montreal,1,1,2,4,-140,-155,5.5,-125,5.5,-115
216,3,V,NewJersey,0,0,1,1,-122,-115,5,-135,5,-145
216,4,H,NYIslanders,0,3,2,5,102,-105,5,115,5,125
216,5,V,Ottawa,0,0,0,0,120,120,5.5,-105,5.5,120
216,6,H,Toronto,1,0,2,3,-140,-140,5.5,-115,5.5,-140
216,7,V,TampaBay,2,1,2,6,-107,-125,5.5,-115,5.5,-120
216,8,H,Florida,1,2,2,5,-113,105,5.5,-105,5.5,100
216,9,V,Columbus,2,1,0,3,160,190,5,-130,5,-150
216,10,H,Phoenix,3,0,2,5,-180,-230,5,110,5,130
216,11,V,Anaheim,1,1,0,3,117,125,5,-105,5,105
216,12,H,Nashville,1,1,0,2,-137,-145,5,-115,5,-125
216,13,V,Colorado,3,1,0,4,120,130,5,-140,5,-145
216,14,H,Edmonton,1,2,3,6,-140,-150,5,120,5,125
217,51,V,Pittsburgh,2,0,2,4,-133,-135,5.5,-109,5.5,-115
217,52,H,Buffalo,1,1,1,3,113,115,5.5,-111,5.5,-105
217,53,V,Boston,0,2,1,3,-135,-155,5.5,-113,5.5,110
217,54,H,Winnipeg,0,2,0,2,115,135,5.5,-107,5.5,-130
217,55,V,Calgary,1,0,3,4,105,110,5.5,-110,5.5,-120
217,56,H,Dallas,0,3,0,3,-125,-130,5.5,-110,5.5,100
217,57,V,LosAngeles,0,0,2,2,113,140,5,-130,5,-140
217,58,H,Chicago,2,1,0,3,-133,-160,5,110,5,120
217,59,V,Detroit,1,1,0,2,110,120,5,-140,5,-135
217,60,H,Minnesota,0,3,0,3,-130,-140,5,120,5,115
217,61,V,Washington,1,0,0,1,135,160,5.5,110,5.5,120
217,62,H,NYRangers,0,1,1,2,-155,-180,5.5,-130,5.5,-140
217,63,V,St.Louis,1,1,1,4,122,125,5.5,105,5.5,130
217,64,H,Vancouver,2,0,1,3,-142,-145,5.5,-125,5.5,-150
218,1,V,Ottawa,0,0,1,2,150,190,5,-115,5,100
218,2,H,NewJersey,1,0,0,1,-170,-220,5,-105,5,-120
218,3,V,Philadelphia,1,3,3,7,-105,-105,5.5,-104,5.5,-125
218,4,H,NYIslanders,0,0,0,0,-115,-115,5.5,-116,5.5,105
218,5,V,Nashville,1,3,1,5,-115,-135,5,100,5,-110
218,6,H,Colorado,2,4,0,6,-105,115,5,-120,5,-110
218,7,V,Toronto,1,2,0,3,-115,-105,5.5,-105,5.5,105
218,8,H,Florida,0,0,0,0,-105,-115,5.5,-115,5.5,-125
218,9,V,Carolina,0,0,0,0,-104,105,5.5,-105,5.5,-105
218,10,H,Montreal,0,0,3,3,-116,-125,5.5,-115,5.5,-115
218,11,V,Calgary,0,0,0,0,145,150,5.5,100,5.5,-110
218,12,H,Phoenix,1,0,3,4,-165,-170,5.5,-120,5.5,-110
218,13,V,Columbus,1,0,1,2,170,190,5.5,105,5.5,110
218,14,H,Anaheim,2,0,1,3,-200,-220,5.5,-125,5.5,-130
219,51,V,Winnipeg,1,1,0,2,115,125,5.5,-115,5.5,-115
219,52,H,Buffalo,0,1,0,1,-135,-145,5.5,-105,5.5,-105
219,53,V,Montreal,0,1,2,3,124,140,5,-115,5,-110
219,54,H,NYRangers,0,1,0,1,-144,-160,5,-105,5,-110
219,55,V,Toronto,1,0,1,2,126,140,6,-109,6,-115
219,56,H,TampaBay,1,1,2,4,-146,-160,6,-111,6,-105
219,57,V,NYIslanders,0,0,1,1,106,110,5.5,-111,5.5,130
219,58,H,Ottawa,0,2,1,3,-126,-130,5.5,-109,5.5,-150
219,59,V,Detroit,1,0,2,3,115,100,5,-104,5,100
219,60,H,Nashville,2,0,1,4,-135,-120,5,-116,5,-120
219,61,V,SanJose,0,1,1,2,136,105,5.5,100,5.5,125
219,62,H,St.Louis,1,0,0,1,-156,-125,5.5,-120,5.5,-145
219,63,V,Vancouver,1,0,2,3,112,105,5.5,105,5.5,130
219,64,H,Chicago,0,3,0,4,-132,-125,5.5,-125,5.5,-150
219,65,V,LosAngeles,0,1,2,3,-113,-125,5,-125,5,-140
219,66,H,Edmonton,0,1,0,1,-107,105,5,105,5,120
220,1,V,Philadelphia,2,1,3,6,148,170,5.5,-117,5.5,-130
220,2,H,Pittsburgh,2,0,3,5,-168,-190,5.5,-103,5.5,110
220,3,V,LosAngeles,2,0,1,3,-118,100,5.5,-102,5.5,125
220,4,H,Calgary,1,0,0,1,-102,-120,5.5,-118,5.5,-145
220,5,V,St.Louis,0,0,0,0,-120,-120,5.5,-102,5.5,120
220,6,H,Colorado,0,0,0,1,100,100,5.5,-118,5.5,-140
221,51,V,Winnipeg,1,0,3,4,130,125,5.5,-110,5.5,105
221,52,H,Carolina,1,0,2,3,-150,-145,5.5,-110,5.5,-125
221,53,V,NewJersey,0,1,2,3,-115,-120,5,-115,5,-125
221,54,H,Washington,0,2,0,2,-105,100,5,-105,5,105
221,55,V,Buffalo,1,0,0,1,125,100,5.5,100,5.5,115
221,56,H,Toronto,0,2,1,3,-145,-120,5.5,-120,5.5,-135
221,57,V,Florida,3,1,1,5,127,125,5.5,-102,5.5,100
221,58,H,Philadelphia,0,0,2,2,-147,-145,5.5,-118,5.5,-120
221,59,V,NYRangers,0,0,2,2,-120,-140,5,-105,5,110
221,60,H,Ottawa,1,0,1,3,100,120,5,-115,5,-130
221,61,V,NYIslanders,0,2,1,4,140,130,5.5,105,5.5,120
221,62,H,Montreal,2,1,0,3,-160,-150,5.5,-125,5.5,-140
221,63,V,Boston,2,1,1,4,-115,-125,5.5,-117,5.5,-125
221,64,H,TampaBay,1,1,0,2,-105,105,5.5,-103,5.5,105
221,65,V,Columbus,1,0,2,3,157,155,5.5,-107,5.5,-105
221,66,H,Detroit,2,0,0,2,-177,-175,5.5,-113,5.5,-115
221,67,V,Vancouver,1,1,2,4,-145,-150,5.5,110,5.5,135
221,68,H,Dallas,1,1,1,3,125,130,5.5,-130,5.5,-155
221,69,V,Minnesota,0,1,2,3,100,100,5,-104,5,-115
221,70,H,Edmonton,0,1,0,1,-120,-120,5,-116,5,-105
222,1,V,Florida,0,1,0,1,185,210,5.5,-105,5.5,-115
222,2,H,Pittsburgh,0,1,2,3,-215,-250,5.5,-115,5.5,-105
222,3,V,Vancouver,0,0,1,1,-114,-105,5,110,5,120
222,4,H,Nashville,0,0,0,0,-106,-115,5,-130,5,-140
222,5,V,SanJose,1,0,0,1,118,125,5.5,105,5.5,120
222,6,H,Chicago,0,1,1,2,-138,-145,5.5,-125,5.5,-140
223,51,V,NewJersey,0,1,0,1,-115,-115,5,-115,5,-125
223,52,H,Washington,0,1,4,5,-105,-105,5,-105,5,105
223,53,V,Winnipeg,1,2,0,3,125,130,5.5,-130,5.5,-125
223,54,H,Philadelphia,1,1,3,5,-145,-150,5.5,110,5.5,105
223,55,V,Phoenix,1,1,0,2,-104,-135,5,-115,5,-120
223,56,H,Edmonton,0,1,1,3,-116,115,5,-105,5,100
223,57,V,Colorado,0,1,0,1,150,160,5,-110,5,105
223,58,H,LosAngeles,2,2,0,4,-170,-180,5,-110,5,-125
223,59,V,Nashville,0,0,0,0,107,110,5,105,5,100
223,60,H,Detroit,1,2,1,4,-127,-130,5,-125,5,-120
223,61,V,TampaBay,1,0,4,5,105,100,6,-110,6,-110
223,62,H,Carolina,0,0,2,2,-125,-120,6,-110,6,-110
223,63,V,NYRangers,0,0,0,0,100,110,5,105,5,115
223,64,H,Montreal,0,3,0,3,-120,-130,5,-125,5,-135
223,65,V,NYIslanders,0,2,2,4,100,105,5.5,-110,5.5,-110
223,66,H,Buffalo,0,0,0,0,-120,-125,5.5,-110,5.5,-110
223,67,V,Toronto,1,0,1,2,-114,-120,5,-115,5,-125
223,68,H,Ottawa,1,1,1,3,-106,100,5,-105,5,105
223,69,V,Columbus,0,1,0,1,185,200,5.5,100,5.5,125
223,70,H,St.Louis,1,0,1,2,-215,-240,5.5,-120,5.5,-145
223,71,V,SanJose,0,0,1,1,-129,-120,5.5,120,5.5,120
223,72,H,Dallas,0,1,2,3,109,100,5.5,-140,5.5,-140
223,73,V,Minnesota,1,0,0,1,-105,-110,5,-110,5,-115
223,74,H,Calgary,1,0,2,3,-115,-110,5,-110,5,-105
224,1,V,Boston,2,1,1,4,-142,-170,5.5,110,5.5,130
224,2,H,Florida,1,0,0,1,122,150,5.5,-130,5.5,-150
224,3,V,Winnipeg,1,2,1,4,143,145,5.5,115,5.5,125
224,4,H,NewJersey,2,0,0,2,-163,-165,5.5,-135,5.5,-145
224,5,V,Vancouver,3,0,0,3,-115,-150,5.5,110,5.5,130
224,6,H,Detroit,2,3,3,8,-105,130,5.5,-130,5.5,-150
224,7,V,Columbus,0,0,0,0,210,230,5.5,-105,5.5,105
224,8,H,Chicago,0,1,0,1,-250,-290,5.5,-115,5.5,-125
224,9,V,Carolina,0,2,2,4,-106,110,5.5,-115,5.5,-125
224,10,H,NYIslanders,2,0,0,2,-114,-130,5.5,-105,5.5,105
224,11,V,TampaBay,0,2,1,3,150,160,6,-105,6,-115
224,12,H,Pittsburgh,3,1,1,5,-170,-180,6,-115,6,-105
224,13,V,Colorado,2,1,0,3,157,170,5.5,115,5.5,130
224,14,H,Anaheim,0,2,1,4,-177,-190,5.5,-135,5.5,-150
224,15,V,Phoenix,0,2,2,4,-104,-110,5.5,110,5.5,130
224,16,H,Calgary,1,2,2,5,-116,-110,5.5,-130,5.5,-150
225,51,V,Toronto,1,1,2,4,108,135,5.5,-106,5.5,-130
225,52,H,Philadelphia,0,1,1,2,-128,-155,5.5,-114,5.5,110
225,53,V,Montreal,0,1,0,1,-119,-135,5,105,5,100
225,54,H,Ottawa,0,1,0,2,-101,115,5,-125,5,-120
225,55,V,Dallas,0,4,0,4,136,130,5,100,5,100
225,56,H,Nashville,1,2,1,5,-156,-150,5,-120,5,-120
225,57,V,Edmonton,1,1,0,2,175,170,5.5,115,5.5,120
225,58,H,Chicago,1,0,1,3,-195,-190,5.5,-135,5.5,-140
225,59,V,Anaheim,0,2,0,2,118,135,5,-113,5,-115
225,60,H,LosAngeles,0,2,3,5,-138,-155,5,-107,5,-105
226,1,V,Dallas,1,2,1,5,-109,-115,5.5,120,5.5,120
226,2,H,Columbus,0,2,2,4,-111,-105,5.5,-140,5.5,-140
226,3,V,Carolina,0,0,0,0,108,120,5.5,-116,5.5,100
226,4,H,Washington,1,1,1,3,-128,-140,5.5,-104,5.5,-120
226,5,V,Winnipeg,0,3,1,4,137,150,5.5,122,5.5,125
226,6,H,NYRangers,0,1,2,3,-157,-170,5.5,-142,5.5,-145
226,7,V,Buffalo,1,0,1,2,131,135,6,100,6,-115
226,8,H,TampaBay,1,0,0,1,-151,-155,6,-120,6,-105
226,9,V,Pittsburgh,0,4,0,4,-167,-155,5.5,105,5.5,110
226,10,H,Florida,1,3,2,6,147,135,5.5,-125,5.5,-130
226,11,V,Boston,1,2,1,4,-142,-155,5.5,100,5.5,-105
226,12,H,NYIslanders,1,0,0,1,122,135,5.5,-120,5.5,-115
226,13,V,Calgary,1,0,0,1,128,135,5,-113,5,-125
226,14,H,Minnesota,0,0,1,2,-148,-155,5,-107,5,105
226,15,V,Phoenix,1,1,2,4,160,170,5,-122,5,-105
226,16,H,Vancouver,0,1,1,2,-180,-190,5,102,5,-115
226,17,V,Colorado,1,0,1,2,157,170,5.5,120,5.5,130
226,18,H,SanJose,1,1,0,3,-177,-200,5.5,-140,5.5,-150
227,51,V,Washington,0,0,1,1,129,135,5.5,-127,5.5,-135
227,52,H,Philadelphia,2,2,0,4,-149,-155,5.5,107,5.5,115
227,53,V,Montreal,1,1,3,5,-112,-110,5,-118,5,-120
227,54,H,Toronto,1,1,0,2,-108,-110,5,-102,5,100
227,55,V,Nashville,0,1,0,1,110,115,5,110,5,-105
227,56,H,Anaheim,3,2,0,5,-130,-135,5,-130,5,-115
227,57,V,Detroit,1,0,0,1,128,135,5,-113,5,-130
227,58,H,LosAngeles,0,0,2,2,-148,-155,5,-107,5,110
228,1,V,TampaBay,1,0,0,1,117,135,5.5,-110,5.5,-105
228,2,H,NYRangers,2,1,1,4,-137,-155,5.5,-110,5.5,-115
228,3,V,Toronto,1,3,0,5,101,115,5.5,-110,5.5,-110
228,4,H,NYIslanders,1,1,2,4,-121,-135,5.5,-110,5.5,-110
228,5,V,Ottawa,0,1,0,1,170,180,5,-114,5,-105
228,6,H,Boston,0,1,0,2,-190,-210,5,-106,5,-115
228,7,V,Pittsburgh,1,0,0,1,-134,-145,5.5,-111,5.5,-115
228,8,H,Carolina,1,3,0,4,114,125,5.5,-109,5.5,-105
228,9,V,Buffalo,3,0,0,4,-106,-105,5.5,105,5.5,105
228,10,H,Florida,2,0,1,3,-114,-115,5.5,-125,5.5,-125
228,11,V,NewJersey,0,1,0,1,-111,-105,5.5,110,5.5,130
228,12,H,Winnipeg,1,0,2,3,-109,-115,5.5,-130,5.5,-150
228,13,V,Chicago,1,0,2,3,-104,-110,5,-127,5,-135
228,14,H,St.Louis,0,0,0,0,-116,-110,5,107,5,115
228,15,V,Edmonton,2,1,2,5,123,120,5,-127,5,-140
228,16,H,Dallas,0,0,1,1,-143,-140,5,107,5,120
228,17,V,Calgary,3,1,0,4,-105,105,5,-117,5,-150
228,18,H,Colorado,0,2,3,5,-115,-125,5,-103,5,130
228,19,V,Minnesota,2,2,0,4,119,115,5,-102,5,115
228,20,H,Phoenix,0,1,2,3,-139,-135,5,-118,5,-135
228,21,V,Detroit,0,0,1,2,145,160,5.5,120,5.5,120
228,22,H,SanJose,0,0,1,1,-165,-180,5.5,-140,5.5,-140
301,51,V,Edmonton,2,0,0,2,155,145,5,-118,5,-120
301,52,H,St.Louis,0,2,2,4,-175,-165,5,-102,5,100
301,53,V,Columbus,1,1,1,3,235,230,5.5,120,5.5,125
301,54,H,Chicago,1,2,0,4,-285,-290,5.5,-140,5.5,-145
301,55,V,Minnesota,0,0,2,2,140,170,5,-104,5,-110
301,56,H,Anaheim,2,1,0,3,-160,-190,5,-116,5,-110
302,1,V,Ottawa,0,1,0,1,135,150,5.5,120,5.5,125
302,2,H,Philadelphia,0,2,0,2,-155,-170,5.5,-140,5.5,-145
302,3,V,TampaBay,2,0,0,2,175,155,5.5,-125,5.5,-130
302,4,H,Boston,0,2,1,3,-195,-175,5.5,105,5.5,110
302,5,V,Washington,0,1,2,3,115,120,5.5,100,5.5,120
302,6,H,Winnipeg,0,0,0,0,-135,-140,5.5,-120,5.5,-140
302,7,V,NewJersey,0,1,2,3,100,-130,5,-120,5,-115
302,8,H,Buffalo,0,1,2,4,-120,110,5,100,5,-105
302,9,V,Pittsburgh,1,3,2,7,100,-105,5.5,120,5.5,125
302,10,H,Montreal,1,3,2,6,-120,-115,5.5,-140,5.5,-145
302,11,V,Florida,1,1,0,2,135,140,5.5,105,5.5,105
302,12,H,Carolina,3,2,1,6,-155,-160,5.5,-125,5.5,-125
302,13,V,Anaheim,1,2,1,4,100,-105,5,-120,5,-130
302,14,H,Phoenix,1,1,2,5,-120,-115,5,100,5,110
302,15,V,LosAngeles,0,2,0,2,130,105,5,-110,5,-105
302,16,H,Vancouver,1,3,1,5,-150,-125,5,-110,5,-115
302,17,V,Nashville,0,0,1,1,120,125,5,115,5,120
302,18,H,SanJose,1,1,0,2,-140,-145,5,-135,5,-140
303,51,V,Chicago,0,0,1,2,-125,-115,5.5,110,5.5,125
303,52,H,Detroit,0,0,1,1,105,-105,5.5,-130,5.5,-145
303,53,V,St.Louis,1,0,0,1,-110,-115,5,-130,5,-135
303,54,H,Dallas,2,0,2,4,-110,-105,5,110,5,115
303,55,V,Colorado,0,1,0,1,-115,-145,5.5,115,5.5,120
303,56,H,Columbus,0,0,1,2,-105,125,5.5,-135,5.5,-140
303,57,V,Ottawa,0,1,1,2,120,140,5,-120,5.5,110
303,58,H,NYIslanders,1,0,1,3,-140,-160,5,100,5.5,-130
303,59,V,Carolina,2,1,0,3,-104,-145,5.5,105,5.5,100
303,60,H,Florida,0,1,1,2,-116,125,5.5,-125,5.5,-120
303,61,V,Montreal,2,0,2,4,139,160,5,-104,5,-135
303,62,H,Boston,1,2,0,3,-159,-180,5,-116,5,115
303,63,V,Buffalo,0,1,1,2,150,190,5,-125,5,-120
303,64,H,NYRangers,0,0,2,3,-170,-220,5,105,5,100
303,65,V,Edmonton,1,0,1,2,120,130,5,100,5,100
303,66,H,Minnesota,1,0,3,4,-140,-150,5,-120,5,-120
303,67,V,Vancouver,1,1,0,2,-135,-130,5,-125,5,-140
303,68,H,Calgary,1,1,2,4,115,110,5,105,5,120
304,1,V,NewJersey,0,2,0,2,100,100,5,-125,5,-135
304,2,H,Toronto,1,0,3,4,-120,-120,5,105,5,115
304,3,V,TampaBay,0,2,1,3,160,150,6,-104,6,-120
304,4,H,Pittsburgh,1,0,3,4,-180,-170,6,-116,6,100
304,5,V,Anaheim,1,1,2,4,-105,-110,5,-130,5,-150
304,6,H,Phoenix,0,2,2,5,-115,-110,5,110,5,130
304,7,V,Nashville,0,0,1,1,130,130,5,122,5,140
304,8,H,LosAngeles,0,1,4,5,-150,-150,5,-142,5,-160
305,51,V,Edmonton,2,1,0,3,-120,-125,5.5,115,5.5,120
305,52,H,Columbus,2,1,0,4,100,105,5.5,-135,5.5,-140
305,53,V,TampaBay,1,2,2,5,115,110,5.5,-110,5.5,-110
305,54,H,NewJersey,0,0,2,2,-135,-130,5.5,-110,5.5,-110
305,55,V,Boston,3,0,0,3,-135,-155,5.5,120,5.5,125
305,56,H,Washington,0,2,1,4,115,135,5.5,-140,5.5,-145
305,57,V,Buffalo,0,0,3,3,117,115,5.5,100,5.5,110
305,58,H,Carolina,1,1,2,4,-137,-135,5.5,-120,5.5,-130
305,59,V,Montreal,1,1,1,3,-115,-120,5.5,115,5.5,115
305,60,H,NYIslanders,0,3,3,6,-105,100,5.5,-135,5.5,-135
305,61,V,Philadelphia,2,0,0,2,130,115,5.5,115,5.5,125
305,62,H,NYRangers,2,0,2,4,-150,-135,5.5,-135,5.5,-145
305,63,V,Winnipeg,0,1,0,1,-104,-125,5.5,100,5.5,100
305,64,H,Florida,1,2,1,4,-116,105,5.5,-120,5.5,-120
305,65,V,Colorado,0,0,1,1,135,150,5.5,100,5.5,105
305,66,H,Detroit,0,2,0,2,-155,-170,5.5,-120,5.5,-125
305,67,V,Minnesota,1,0,2,3,175,160,5,-110,5,-105
305,68,H,Chicago,4,0,1,5,-195,-180,5,-110,5,-115
305,69,V,SanJose,1,1,0,3,125,120,5,-110,5,-105
305,70,H,Vancouver,0,2,0,2,-145,-140,5,-110,5,-115
305,71,V,St.Louis,2,2,0,4,110,115,5,-110,5,105
305,72,H,LosAngeles,1,1,4,6,-130,-135,5,-110,5,-125
306,1,V,Ottawa,0,1,3,4,140,130,5,-113,5,-125
306,2,H,Toronto,2,1,2,5,-160,-150,5,-107,5,105
306,3,V,Colorado,1,1,0,2,185,190,5.5,110,5.5,125
306,4,H,Chicago,1,0,2,3,-215,-230,5.5,-130,5.5,-145
306,5,V,SanJose,0,1,0,1,-104,105,5,-125,5,-130
306,6,H,Calgary,1,0,3,4,-116,-125,5,105,5,110
306,7,V,Phoenix,0,0,0,0,129,140,5.5,105,5.5,115
306,8,H,Anaheim,1,0,1,2,-149,-160,5.5,-125,5.5,-135
307,51,V,Vancouver,0,0,1,1,-174,-165,5.5,-103,5.5,125
307,52,H,Columbus,1,0,0,2,154,145,5.5,-117,5.5,-145
307,53,V,Florida,0,0,1,1,142,140,5.5,102,5.5,130
307,54,H,Washington,4,1,2,7,-162,-160,5.5,-122,5.5,-150
307,55,V,Montreal,2,0,2,4,-112,-115,5.5,102,5.5,110
307,56,H,Carolina,0,2,0,2,-108,-105,5.5,-122,5.5,-130
307,57,V,Buffalo,0,1,1,2,105,125,5,-125,5,-155
307,58,H,NewJersey,0,0,2,3,-125,-145,5,105,5,135
307,59,V,NYRangers,0,0,1,2,-108,-115,5.5,108,5.5,110
307,60,H,NYIslanders,1,0,0,1,-112,-105,5.5,-128,5.5,-130
307,61,V,Pittsburgh,1,3,1,5,-113,-135,6,-109,6,-130
307,62,H,Philadelphia,4,0,0,4,-107,115,6,-111,6,110
307,63,V,Toronto,0,1,1,2,170,180,5.5,107,5.5,105
307,64,H,Boston,1,2,1,4,-190,-210,5.5,-127,5.5,-125
307,65,V,Winnipeg,1,0,1,2,121,130,6,-108,6,-110
307,66,H,TampaBay,0,0,1,1,-141,-150,6,-112,6,-110
307,67,V,Edmonton,0,0,0,0,142,145,5.5,107,5.5,120
307,68,H,Detroit,0,2,1,3,-162,-165,5.5,-127,5.5,-140
307,69,V,St.Louis,1,3,2,6,-109,-120,5,-135,5,-140
307,70,H,Phoenix,1,1,1,3,-111,100,5,115,5,120
307,71,V,Dallas,1,1,3,5,142,150,5,-109,5,-125
307,72,H,LosAngeles,1,1,0,2,-162,-170,5,-111,5,105
308,1,V,Ottawa,2,0,1,3,154,150,5,-104,5,-105
308,2,H,NYRangers,2,0,0,2,-174,-170,5,-116,5,-115
308,3,V,Winnipeg,2,0,0,3,-107,-125,5.5,-114,5.5,-110
308,4,H,Florida,1,0,1,2,-113,105,5.5,-106,5.5,-110
308,5,V,Edmonton,0,0,0,0,142,155,5,-105,5,-105
308,6,H,Nashville,2,2,2,6,-162,-175,5,-115,5,-115
308,7,V,Chicago,1,0,1,2,-140,-140,5.5,112,5.5,125
308,8,H,Colorado,1,4,1,6,120,120,5.5,-132,5.5,-145
308,9,V,Calgary,0,0,0,0,142,145,5.5,107,5.5,115
308,10,H,Anaheim,1,2,1,4,-162,-165,5.5,-127,5.5,-135
309,51,V,Washington,0,1,1,2,100,-115,5.5,-114,5.5,-120
309,52,H,NYIslanders,1,1,3,5,-120,-105,5.5,-106,5.5,100
309,53,V,Philadelphia,0,0,0,0,153,150,5.5,-110,5.5,-105
309,54,H,Boston,3,0,0,3,-173,-170,5.5,-110,5.5,-115
309,55,V,Detroit,0,0,0,0,-137,-135,5.5,107,5.5,120
309,56,H,Columbus,1,2,0,3,117,115,5.5,-127,5.5,-140
309,57,V,St.Louis,1,0,2,4,102,110,5,-115,5,-120
309,58,H,SanJose,1,2,0,3,-122,-130,5,-105,5,100
309,59,V,NewJersey,1,0,2,3,-106,120,5.5,107,5.5,110
309,60,H,Carolina,2,3,1,6,-114,-140,5.5,-127,5.5,-130
309,61,V,Pittsburgh,3,1,0,5,-135,-140,6,-110,6,-115
309,62,H,Toronto,1,2,1,4,115,120,6,-110,6,-105
309,63,V,Montreal,0,1,3,4,-107,-105,5.5,-133,5.5,-110
309,64,H,TampaBay,0,3,0,3,-113,-115,5.5,113,5.5,-110
309,65,V,Dallas,0,1,0,1,107,110,5.5,117,5.5,120
309,66,H,Phoenix,1,1,0,2,-127,-130,5.5,-137,5.5,-140
309,67,V,Minnesota,0,1,0,2,112,105,5,115,5,120
309,68,H,Nashville,0,0,1,1,-132,-125,5,-135,5,-140
309,69,V,Calgary,2,0,0,2,158,190,5,-115,5,-130
309,70,H,LosAngeles,3,1,2,6,-178,-220,5,-105,5,110
310,1,V,NYRangers,1,2,1,4,-120,-125,5,-120,5,-135
310,2,H,Washington,1,0,0,1,100,105,5,100,5,115
310,3,V,Columbus,0,2,0,3,170,170,5.5,115,5.5,140
310,4,H,Detroit,0,1,1,2,-190,-200,5.5,-135,5.5,-160
310,5,V,Montreal,2,2,1,5,-137,-135,5.5,101,5.5,100
310,6,H,Florida,0,0,2,2,117,115,5.5,-121,5.5,-120
310,7,V,NYIslanders,0,1,0,1,175,170,5.5,-135,6,-110
310,8,H,Pittsburgh,3,2,1,6,-195,-190,5.5,115,6,-110
310,9,V,Edmonton,4,2,0,6,180,190,5.5,121,5.5,125
310,10,H,Chicago,0,4,1,5,-210,-220,5.5,-141,5.5,-145
310,11,V,Winnipeg,1,1,0,2,107,110,5.5,-104,5.5,110
310,12,H,NewJersey,2,0,0,3,-127,-130,5.5,-116,5.5,-130
310,13,V,Buffalo,1,0,1,2,122,120,5.5,-115,5.5,-110
310,14,H,Philadelphia,2,1,0,3,-142,-140,5.5,-105,5.5,-110
310,15,V,St.Louis,1,0,1,2,113,130,5.5,-104,5.5,100
310,16,H,Anaheim,0,1,3,4,-133,-150,5.5,-116,5.5,-120
310,17,V,Vancouver,0,1,1,2,-125,-130,5,-110,5,-105
310,18,H,Minnesota,2,1,1,4,105,110,5,-110,5,-115
310,19,V,SanJose,0,1,1,2,-102,110,5,-125,5,-135
310,20,H,Colorado,1,1,0,3,-118,-130,5,105,5,115
311,51,V,Boston,1,1,0,3,-145,-170,5,-105,5,-125
311,52,H,Ottawa,2,0,0,2,125,150,5,-115,5,105
311,53,V,Calgary,0,0,1,1,170,180,5,-120,5,-145
311,54,H,LosAngeles,2,0,1,3,-200,-210,5,100,5,125
312,1,V,Vancouver,0,1,0,2,-143,-150,5.5,117,5.5,125
312,2,H,Columbus,0,1,0,1,123,130,5.5,-137,5.5,-145
312,3,V,NYRangers,0,1,0,1,-132,-155,5,-115,5,-120
312,4,H,Buffalo,0,2,1,3,112,135,5,-105,5,100
312,5,V,Carolina,1,2,1,4,108,-105,5.5,-109,5.5,-105
312,6,H,Washington,0,0,0,0,-128,-115,5.5,-111,5.5,-115
312,7,V,Boston,2,0,0,2,113,115,5.5,-118,5.5,-125
312,8,H,Pittsburgh,0,0,3,3,-133,-135,5.5,-102,5.5,105
312,9,V,TampaBay,2,0,1,3,-116,-140,5.5,-133,5.5,-140
312,10,H,Florida,0,2,0,2,-104,120,5.5,113,5.5,120
312,11,V,Toronto,0,1,1,2,109,105,5.5,-107,5.5,-110
312,12,H,Winnipeg,1,2,2,5,-129,-125,5.5,-113,5.5,-110
312,13,V,Anaheim,0,0,2,2,-111,-105,5,-104,5,-120
312,14,H,Minnesota,1,0,0,1,-109,-115,5,-116,5,100
312,15,V,SanJose,0,1,1,2,117,110,5,-130,5,-135
312,16,H,St.Louis,1,2,1,4,-137,-130,5,110,5,115
312,17,V,Nashville,1,2,1,4,100,105,5,-105,5,-105
312,18,H,Dallas,0,0,0,0,-120,-125,5,-115,5,-115
312,19,V,Edmonton,2,1,1,4,125,130,5.5,110,5.5,110
312,20,H,Colorado,0,0,0,0,-145,-150,5.5,-130,5.5,-130
312,21,V,LosAngeles,0,1,1,2,-105,100,5,-104,5,-120
312,22,H,Phoenix,2,2,1,5,-115,-120,5,-116,5,100
313,51,V,Ottawa,1,1,1,3,150,170,5,-110,5,-105
313,52,H,Montreal,1,2,0,4,-170,-190,5,-110,5,-115
313,53,V,Philadelphia,1,0,1,2,100,-105,5.5,105,5.5,110
313,54,H,NewJersey,3,1,1,5,-120,-115,5.5,-125,5.5,-130
313,55,V,Detroit,1,1,0,2,-104,-115,5,-130,5,-150
313,56,H,Calgary,2,0,3,5,-116,-105,5,110,5,130
314,1,V,Florida,0,1,0,1,220,220,5.5,102,5.5,110
314,2,H,Boston,2,0,2,4,-270,-270,5.5,-122,5.5,-130
314,3,V,Chicago,0,1,0,2,-159,-170,5.5,112,5.5,115
314,4,H,Columbus,0,1,0,1,139,150,5.5,-132,5.5,-135
314,5,V,Pittsburgh,0,0,3,3,-129,-140,6,-114,6,-120
314,6,H,Toronto,0,1,0,1,109,120,6,-106,6,100
314,7,V,Washington,0,1,2,3,140,145,5.5,-114,5.5,-110
314,8,H,Carolina,2,0,0,2,-160,-165,5.5,-106,5.5,-110
314,9,V,NYIslanders,0,1,1,2,112,100,6,-114,6,-115
314,10,H,TampaBay,0,0,0,0,-132,-120,6,-106,6,-105
314,11,V,NYRangers,0,1,0,1,-104,-110,5,-120,5,-125
314,12,H,Winnipeg,1,1,1,3,-116,-110,5,100,5,105
314,13,V,Colorado,1,1,1,3,134,130,5,-104,5,-110
314,14,H,Minnesota,1,3,1,5,-154,-150,5,-116,5,-110
314,15,V,Phoenix,0,0,0,0,123,115,5,-125,5,-130
314,16,H,St.Louis,0,1,2,3,-143,-135,5,105,5,110
314,17,V,Anaheim,0,1,0,2,-108,-105,5,-135,5,-145
314,18,H,Dallas,1,0,0,1,-112,-115,5,115,5,125
314,19,V,Nashville,1,1,2,4,134,145,5,115,5,105
314,20,H,Vancouver,3,2,2,7,-154,-165,5,-135,5,-125
314,21,V,LosAngeles,0,1,2,3,-105,-105,5,-104,5,-110
314,22,H,SanJose,1,2,1,4,-115,-115,5,-116,5,-110
315,51,V,NewJersey,0,1,0,1,129,130,5.5,-103,5.5,100
315,52,H,Philadelphia,1,0,0,2,-149,-150,5.5,-117,5.5,-120
315,53,V,Nashville,0,1,2,3,105,120,5,-109,5,-110
315,54,H,Calgary,2,1,3,6,-125,-140,5,-111,5,-110
315,55,V,Detroit,0,0,2,3,-111,-120,5,-145,5,-140
315,56,H,Edmonton,1,1,0,2,-109,100,5,125,5,120
316,1,V,NYRangers,0,0,0,0,135,145,5.5,-115,5.5,100
316,2,H,Pittsburgh,1,0,2,3,-155,-165,5.5,-105,5.5,-120
316,3,V,Washington,0,1,0,1,170,190,5.5,102,5.5,105
316,4,H,Boston,2,1,1,4,-200,-230,5.5,-122,5.5,-125
316,5,V,Ottawa,0,3,0,4,105,110,5,-115,5,-130
316,6,H,Buffalo,2,0,1,3,-125,-130,5,-105,5,110
316,7,V,Minnesota,4,1,1,6,102,-110,5,-115,5,-115
316,8,H,Colorado,1,2,1,4,-122,-110,5,-105,5,-105
316,9,V,Phoenix,0,0,0,0,-113,-110,5,-115,5,-120
316,10,H,Columbus,0,0,0,1,-107,-110,5,-105,5,100
316,11,V,Montreal,1,0,1,2,-113,-140,5,-140,5,-150
316,12,H,NewJersey,0,1,0,1,-107,120,5,120,5,130
316,13,V,Carolina,0,0,1,1,-112,-110,6,-103,6,-105
316,14,H,TampaBay,1,2,1,4,-108,-110,6,-117,6,-115
316,15,V,Winnipeg,0,4,0,5,117,120,5.5,-114,5.5,-110
316,16,H,Toronto,1,2,1,4,-137,-140,5.5,-106,5.5,-110
316,17,V,NYIslanders,2,1,1,4,-119,-130,5.5,-114,5.5,-110
316,18,H,Florida,0,0,3,3,-101,110,5.5,-106,5.5,-110
316,19,V,Chicago,3,3,2,8,-128,-140,5.5,107,5.5,120
316,20,H,Dallas,0,0,1,1,108,120,5.5,-127,5.5,-140
316,21,V,Anaheim,1,0,0,1,-102,120,5.5,102,5.5,105
316,22,H,St.Louis,0,1,0,2,-118,-140,5.5,-122,5.5,-125
316,23,V,Detroit,1,1,3,5,150,170,5,-135,5,-140
316,24,H,Vancouver,1,0,1,2,-170,-190,5,115,5,120
316,25,V,SanJose,0,1,1,2,128,130,5,-115,5,-130
316,26,H,LosAngeles,2,3,0,5,-148,-150,5,-105,5,110
317,51,V,Boston,1,0,0,1,113,105,5.5,-115,5.5,-110
317,52,H,Pittsburgh,2,0,0,2,-133,-125,5.5,-105,5.5,-110
317,53,V,Winnipeg,0,0,1,1,-103,130,5,-120,5,-145
317,54,H,Ottawa,2,0,2,4,-117,-150,5,100,5,125
317,55,V,Buffalo,0,2,1,3,112,120,5.5,111,5.5,115
317,56,H,Washington,1,3,1,5,-132,-140,5.5,-131,5.5,-135
317,57,V,Nashville,0,1,1,2,-101,105,5,-111,5,-115
317,58,H,Edmonton,0,1,2,3,-119,-125,5,-109,5,-105
318,1,V,Carolina,1,0,0,1,120,135,5.5,115,5.5,125
318,2,H,NYRangers,0,1,0,2,-140,-155,5.5,-135,5.5,-145
318,3,V,Philadelphia,1,1,0,2,-110,-115,6,-105,6,-105
318,4,H,TampaBay,2,0,2,4,-110,-105,6,-115,6,-115
318,5,V,Calgary,0,2,1,3,110,120,5.5,105,5.5,105
318,6,H,Dallas,3,0,1,4,-130,-140,5.5,-125,5.5,-125
318,7,V,Chicago,2,2,1,5,-140,-160,5.5,105,5.5,100
318,8,H,Colorado,1,1,0,2,120,140,5.5,-125,5.5,-120
318,9,V,SanJose,1,1,1,3,130,125,5,-125,5,-130
318,10,H,Anaheim,1,3,1,5,-150,-145,5,105,5,110
318,11,V,Minnesota,0,1,2,3,140,130,5,-104,5,-120
318,12,H,Vancouver,0,1,0,1,-160,-150,5,-116,5,100
318,13,V,Phoenix,0,0,0,0,140,160,5,-115,5,-125
318,14,H,LosAngeles,1,1,2,4,-160,-180,5,-105,5,105
319,51,V,Florida,0,0,4,4,160,160,5.5,-110,5.5,-110
319,52,H,Carolina,0,0,1,1,-180,-180,5.5,-110,5.5,-110
319,53,V,Nashville,0,1,2,3,-110,-105,5,100,5,105
319,54,H,Columbus,0,2,2,4,-110,-115,5,-120,5,-125
319,55,V,NYRangers,2,1,0,3,-105,100,5,-110,5,110
319,56,H,NewJersey,2,0,0,2,-115,-120,5,-110,5,-130
319,57,V,Ottawa,1,0,4,5,110,115,5,-130,5.5,120
319,58,H,NYIslanders,1,2,0,3,-130,-135,5,110,5.5,-140
319,59,V,Buffalo,2,0,0,3,160,190,5.5,110,5.5,110
319,60,H,Montreal,0,0,2,2,-180,-220,5.5,-130,5.5,-130
319,61,V,Washington,0,1,0,1,175,190,6,100,6,100
319,62,H,Pittsburgh,0,1,1,2,-205,-220,6,-120,6,-120
319,63,V,Boston,0,1,0,1,-130,-160,5.5,120,5.5,130
319,64,H,Winnipeg,0,0,3,3,110,140,5.5,-140,5.5,-150
319,65,V,St.Louis,0,0,2,2,110,100,5.5,120,5.5,130
319,66,H,Vancouver,0,3,0,3,-130,-120,5.5,-140,5.5,-150
319,67,V,Phoenix,0,0,2,2,145,170,5,-105,5,-125
319,68,H,LosAngeles,1,1,1,3,-165,-190,5,-115,5,105
320,1,V,TampaBay,0,0,2,2,109,125,6,-110,6,-105
320,2,H,Toronto,1,3,0,4,-129,-145,6,-110,6,-115
320,3,V,Minnesota,1,3,0,4,112,125,5,-110,5,-115
320,4,H,Detroit,0,1,1,2,-132,-145,5,-110,5,-105
320,5,V,SanJose,1,0,2,4,-104,-120,5,-115,5,-140
320,6,H,Edmonton,1,1,1,3,-116,100,5,-105,5,120
320,7,V,Dallas,2,1,0,3,105,100,5.5,117,5.5,110
320,8,H,Colorado,0,2,2,4,-125,-120,5.5,-137,5.5,-130
320,9,V,Chicago,1,1,0,2,-114,-110,5.5,101,5.5,115
320,10,H,Anaheim,1,0,3,4,-106,-110,5.5,-121,5.5,-135
321,51,V,Florida,1,1,1,3,180,210,5,-115,5,-120
321,52,H,NYRangers,0,0,1,1,-210,-250,5,-105,5,100
321,53,V,Toronto,2,1,1,4,-105,-105,5.5,-105,5.5,100
321,54,H,Buffalo,1,2,1,5,-115,-115,5.5,-115,5.5,-120
321,55,V,NewJersey,1,2,1,4,-101,100,5,-120,5,-145
321,56,H,Carolina,0,0,1,1,-119,-120,5,100,5,125
321,57,V,Montreal,1,1,3,5,-117,-145,5.5,-104,5.5,-115
321,58,H,NYIslanders,1,1,0,2,-103,125,5.5,-116,5.5,-105
321,59,V,Boston,0,1,1,2,-144,-150,5,-115,5,-115
321,60,H,Ottawa,0,1,0,1,124,130,5,-105,5,-105
321,61,V,Washington,2,0,2,4,124,120,5.5,-104,5.5,105
321,62,H,Winnipeg,0,0,0,0,-144,-140,5.5,-116,5.5,-125
321,63,V,Vancouver,1,0,1,2,-108,-115,5,-120,5,-125
321,64,H,Phoenix,0,0,1,1,-112,-105,5,100,5,105
321,65,V,Calgary,2,0,1,3,117,120,5,-110,5,-130
321,66,H,Nashville,2,2,1,5,-137,-140,5,-110,5,110
321,67,V,Dallas,0,0,2,2,170,190,5,-130,5,-130
321,68,H,LosAngeles,0,0,0,0,-190,-220,5,110,5,110
322,1,V,Calgary,0,1,0,1,115,125,5.5,105,5.5,125
322,2,H,Columbus,1,3,1,5,-135,-145,5.5,-125,5.5,-145
322,3,V,Washington,2,2,2,6,125,115,5.5,100,5.5,120
322,4,H,Winnipeg,0,0,1,1,-145,-135,5.5,-120,5.5,-140
322,5,V,Pittsburgh,0,2,2,4,-145,-170,6,-105,6,-115
322,6,H,NYIslanders,1,1,0,2,125,150,6,-115,6,-105
322,7,V,Detroit,2,2,1,5,135,155,5.5,100,5.5,125
322,8,H,Anaheim,1,0,0,1,-155,-175,5.5,-120,5.5,-145
323,51,V,SanJose,0,0,0,0,109,115,5,-104,5,-115
323,52,H,Minnesota,0,1,1,2,-129,-135,5,-116,5,-105
323,53,V,TampaBay,0,0,3,3,118,120,5.5,-104,5.5,100
323,54,H,Ottawa,4,0,1,5,-138,-140,5.5,-116,5.5,-120
323,55,V,Vancouver,1,0,0,1,117,135,5,-125,5,-115
323,56,H,LosAngeles,0,0,0,0,-137,-155,5,105,5,-105
323,57,V,Florida,0,1,0,1,167,170,5,-110,5,-115
323,58,H,NewJersey,0,2,0,2,-187,-200,5,-110,5,-105
323,59,V,Boston,0,0,2,2,-144,-140,5,-120,5,-145
323,60,H,Toronto,1,1,1,3,124,120,5,100,5,125
323,61,V,Buffalo,0,2,0,2,175,170,5.5,101,5.5,110
323,62,H,Montreal,0,0,1,1,-195,-200,5.5,-121,5.5,-130
323,63,V,Columbus,1,1,0,2,129,145,5,-110,5,-115
323,64,H,Nashville,4,0,1,5,-149,-165,5,-110,5,-105
323,65,V,Colorado,0,1,1,2,119,130,5.5,-104,5.5,120
323,66,H,Dallas,2,2,1,5,-139,-150,5.5,-116,5.5,-140
323,67,V,St.Louis,1,0,2,3,-123,-145,5.5,117,5.5,125
323,68,H,Edmonton,0,0,0,0,103,125,5.5,-137,5.5,-145
324,1,V,Florida,0,0,0,0,143,170,5.5,-110,5.5,-110
324,2,H,NYIslanders,1,0,2,3,-163,-200,5.5,-110,5.5,-110
324,3,V,Washington,2,0,0,3,140,135,5,-115,5,-110
324,4,H,NYRangers,2,0,0,2,-160,-155,5,-105,5,-110
324,5,V,Philadelphia,0,1,0,1,160,170,6,-115,6,-130
324,6,H,Pittsburgh,0,0,1,2,-180,-190,6,-105,6,110
324,7,V,TampaBay,0,1,1,2,133,135,6,100,6,105
324,8,H,Winnipeg,1,2,0,3,-153,-155,6,-120,6,-125
324,9,V,St.Louis,0,1,1,2,-118,-140,5.5,106,5.5,115
324,10,H,Calgary,1,1,1,3,-102,120,5.5,-126,5.5,-135
324,11,V,Detroit,2,0,0,2,135,130,5.5,106,5.5,120
324,12,H,Anaheim,0,1,0,1,-155,-150,5.5,-126,5.5,-140
324,13,V,Vancouver,1,2,0,3,-120,-135,5.5,101,5.5,115
324,14,H,Colorado,1,0,1,2,100,115,5.5,-121,5.5,-135
325,51,V,Toronto,0,2,0,2,170,170,5.5,110,5.5,115
325,52,H,Boston,0,1,1,3,-200,-200,5.5,-130,5.5,-135
325,53,V,NewJersey,0,1,1,2,110,120,5,-104,5,100
325,54,H,Ottawa,1,1,0,3,-130,-140,5,-116,5,-120
325,55,V,LosAngeles,0,3,2,5,125,125,5,-125,5,-130
325,56,H,Chicago,1,2,1,4,-145,-145,5,105,5,110
325,57,V,Edmonton,1,0,1,2,125,130,5,-120,5,-115
325,58,H,Nashville,1,2,0,3,-145,-150,5,100,5,-105
325,59,V,Minnesota,1,3,3,7,-104,-110,5,-115,5,-115
325,60,H,Dallas,2,1,1,4,-116,-110,5,-105,5,-105
325,61,V,SanJose,2,1,2,5,115,120,5,-130,5,-130
325,62,H,Anaheim,0,1,2,3,-135,-140,5,110,5,110
325,63,V,Detroit,1,1,1,3,100,125,5,-135,5,-145
325,64,H,Phoenix,2,0,0,2,-120,-145,5,115,5,125
326,1,V,Florida,1,0,1,2,157,140,5.5,-104,5.5,100
326,2,H,Toronto,0,1,2,3,-177,-160,5.5,-116,5.5,-120
326,3,V,Winnipeg,1,2,1,4,102,110,6,115,5.5,-105
326,4,H,Carolina,1,0,0,1,-122,-130,6,-135,5.5,-115
326,5,V,NYIslanders,2,0,1,3,122,125,5.5,-110,5.5,-105
326,6,H,Washington,0,2,0,2,-142,-145,5.5,-110,5.5,-115
326,7,V,Montreal,0,0,0,0,133,135,6,115,5.5,-105
326,8,H,Pittsburgh,0,1,0,1,-153,-155,6,-135,5.5,-115
326,9,V,Buffalo,0,0,1,1,112,105,5.5,-123,5.5,-125
326,10,H,TampaBay,1,1,0,2,-132,-125,5.5,103,5.5,105
326,11,V,NYRangers,1,2,2,5,-106,-105,5,-125,5,-130
326,12,H,Philadelphia,0,1,1,2,-114,-115,5,105,5,110
326,13,V,Edmonton,1,2,0,3,175,190,5.5,121,5.5,125
326,14,H,St.Louis,0,0,0,0,-205,-230,5.5,-141,5.5,-145
326,15,V,Calgary,0,0,0,0,170,170,5.5,101,5.5,100
326,16,H,Chicago,1,1,0,2,-200,-200,5.5,-121,5.5,-120
326,17,V,Columbus,0,0,0,0,170,160,5,-115,5,-120
326,18,H,Vancouver,0,0,0,1,-190,-180,5,-105,5,100
327,51,V,Montreal,1,1,3,6,144,155,5,-130,5,-120
327,52,H,Boston,0,4,1,5,-164,-175,5,110,5,100
327,53,V,Phoenix,0,2,1,3,142,140,5,-125,5,-120
327,54,H,Minnesota,1,1,1,4,-162,-160,5,105,5,100
327,55,V,Anaheim,0,0,0,0,-106,-110,5,-125,5,-145
327,56,H,SanJose,3,0,1,4,-114,-110,5,105,5,125
327,57,V,Colorado,0,2,1,3,114,-115,5.5,-105,5.5,100
327,58,H,Calgary,2,2,0,4,-134,-105,5.5,-115,5.5,-120
328,1,V,Winnipeg,0,0,0,0,175,170,5.5,-110,5.5,-120
328,2,H,Pittsburgh,2,2,0,4,-195,-200,5.5,-110,5.5,100
328,3,V,Carolina,0,2,1,3,120,120,5,-110,5.5,-110
328,4,H,Toronto,1,1,4,6,-140,-140,5,-110,5.5,-110
328,5,V,NYIslanders,0,1,2,4,125,115,5.5,-110,5.5,-115
328,6,H,Philadelphia,2,0,1,3,-145,-135,5.5,-110,5.5,-105
328,7,V,NYRangers,0,0,0,0,-110,-115,5,-105,5,100
328,8,H,Ottawa,0,1,2,3,-110,-105,5,-115,5,-120
328,9,V,Buffalo,0,3,1,4,-104,-110,5,-110,5,-130
328,10,H,Florida,1,1,2,5,-116,-110,5,-110,5,110
328,11,V,Phoenix,6,1,0,7,140,140,5,-110,5,-120
328,12,H,Nashville,3,0,1,4,-160,-160,5,-110,5,100
328,13,V,LosAngeles,0,2,2,4,110,105,5,-110,5,-105
328,14,H,St.Louis,0,1,1,2,-130,-125,5,-110,5,-115
328,15,V,Columbus,2,1,1,4,110,110,5,-115,5,-120
328,16,H,Edmonton,1,2,3,6,-130,-130,5,-105,5,100
328,17,V,Colorado,0,0,1,1,170,200,5,-130,5,-145
328,18,H,Vancouver,1,0,3,4,-200,-240,5,110,5,125
328,19,V,Detroit,0,0,0,0,110,100,5,-110,5,-120
328,20,H,SanJose,1,0,1,2,-130,-120,5,-110,5,100
329,51,V,NewJersey,0,3,1,4,-105,105,5.5,115,5.5,130
329,52,H,TampaBay,0,2,2,5,-115,-125,5.5,-135,5.5,-150
329,53,V,Minnesota,1,1,1,3,-110,100,5,-130,5.5,115
329,54,H,Dallas,2,0,3,5,-110,-120,5,110,5.5,-135
329,55,V,Anaheim,0,1,1,2,130,140,5.5,105,5.5,115
329,56,H,Chicago,0,0,1,1,-150,-160,5.5,-125,5.5,-135
329,57,V,Columbus,1,4,1,6,125,130,5,-130,5,-150
329,58,H,Calgary,0,3,1,4,-145,-150,5,110,5,130
330,1,V,NYIslanders,0,0,0,0,185,200,5.5,-110,5.5,-130
330,2,H,Pittsburgh,0,0,2,2,-215,-240,5.5,-110,5.5,110
330,3,V,Boston,0,0,1,1,-125,-155,5.5,120,5.5,110
330,4,H,Philadelphia,1,1,1,3,105,135,5.5,-140,5.5,-130
330,5,V,Carolina,2,0,1,3,130,115,5.5,-110,5.5,-110
330,6,H,Winnipeg,0,1,0,1,-150,-135,5.5,-110,5.5,-110
330,7,V,Nashville,0,0,0,0,-110,-105,5,-130,5,-135
330,8,H,Colorado,0,0,0,1,-110,-115,5,110,5,115
330,9,V,Washington,0,1,2,4,100,-125,5,-125,5,-150
330,10,H,Buffalo,1,2,0,3,-120,105,5,105,5,130
330,11,V,Toronto,1,1,2,4,105,110,5,-120,5.5,110
330,12,H,Ottawa,0,0,0,0,-125,-130,5,100,5.5,-130
330,13,V,NYRangers,0,0,0,0,130,145,5,-110,5,-120
330,14,H,Montreal,2,1,0,3,-150,-165,5,-110,5,100
330,15,V,NewJersey,1,0,1,2,-115,-110,5,-110,5,-120
330,16,H,Florida,1,0,1,3,-105,-110,5,-110,5,100
330,17,V,LosAngeles,1,2,0,3,-105,-125,5,-105,5,-110
330,18,H,Minnesota,1,1,1,4,-115,105,5,-115,5,-110
330,19,V,Vancouver,0,0,0,0,-135,-135,5,-120,5,-115
330,20,H,Edmonton,4,0,0,4,115,115,5,100,5,-105
330,21,V,Phoenix,1,0,1,2,135,155,5,-115,5,-125
330,22,H,SanJose,0,1,1,3,-155,-175,5,-105,5,105
331,51,V,Chicago,3,2,2,7,-104,-110,5,-135,5,-130
331,52,H,Detroit,0,0,1,1,-116,-110,5,115,5,110
331,53,V,Anaheim,0,0,1,1,-130,-145,5.5,105,5.5,130
331,54,H,Columbus,0,1,0,2,110,125,5.5,-125,5.5,-150
331,55,V,LosAngeles,1,0,2,3,-110,-115,5,-125,5,-160
331,56,H,Dallas,0,1,1,2,-110,-105,5,105,5,140
331,57,V,Boston,0,0,2,2,-145,-170,5.5,120,5.5,105
331,58,H,Buffalo,0,0,0,0,125,150,5.5,-140,5.5,-125
331,59,V,Washington,1,1,2,4,110,-105,5.5,-109,5.5,-115
331,60,H,Philadelphia,2,0,2,5,-130,-115,5.5,-111,5.5,-105
401,1,V,NYIslanders,2,0,1,3,115,105,5.5,115,5.5,130
401,2,H,NewJersey,0,1,0,1,-135,-125,5.5,-135,5.5,-150
401,3,V,Winnipeg,2,0,0,2,120,135,5,-120,5,-115
401,4,H,NYRangers,1,1,2,4,-140,-155,5,100,5,-105
401,5,V,Carolina,1,0,0,1,160,160,5.5,105,5.5,105
401,6,H,Montreal,1,1,2,4,-180,-180,5.5,-125,5.5,-125
401,7,V,Colorado,0,0,2,2,145,155,5.5,105,5.5,110
401,8,H,Detroit,1,2,0,3,-165,-175,5.5,-125,5.5,-130
401,9,V,St.Louis,1,2,1,4,100,105,5.5,105,5,-115
401,10,H,Minnesota,0,1,0,1,-120,-125,5.5,-125,5,-105
401,11,V,Nashville,0,0,2,2,150,160,5,-110,5,-130
401,12,H,Chicago,1,1,0,3,-170,-180,5,-110,5,110
401,13,V,Anaheim,0,3,1,4,-110,-115,5,-125,5,-150
401,14,H,Dallas,0,0,0,0,-110,-105,5,105,5,130
401,15,V,Calgary,0,0,1,1,125,150,5.5,115,5.5,105
401,16,H,Edmonton,3,0,1,4,-145,-170,5.5,-135,5.5,-125
401,17,V,Vancouver,0,1,1,2,100,110,5,-110,5,-115
401,18,H,SanJose,0,3,0,3,-120,-130,5,-110,5,-105
402,51,V,Winnipeg,1,1,0,2,105,110,5.5,100,5.5,100
402,52,H,NYIslanders,1,2,2,5,-125,-130,5.5,-120,5.5,-120
402,53,V,Washington,1,4,0,5,105,-105,5.5,-110,5.5,-110
402,54,H,Carolina,2,1,0,3,-125,-115,5.5,-110,5.5,-110
402,55,V,Ottawa,1,0,1,2,170,160,5,-110,5,100
402,56,H,Boston,2,0,1,3,-190,-180,5,-110,5,-120
402,57,V,Buffalo,2,2,0,4,185,225,5.5,110,5.5,110
402,58,H,Pittsburgh,1,0,0,1,-215,-275,5.5,-130,5.5,-130
402,59,V,Florida,1,1,0,3,140,135,5.5,-110,5.5,-120
402,60,H,TampaBay,0,0,2,2,-160,-155,5.5,-110,5.5,100
402,61,V,Colorado,0,0,1,1,140,150,5,-120,5,-130
402,62,H,Nashville,0,0,3,3,-160,-170,5,100,5,110
402,63,V,LosAngeles,1,0,0,1,-130,-135,5,-125,5,-130
402,64,H,Phoenix,1,1,1,3,110,115,5,105,5,110
403,1,V,Montreal,1,2,0,3,-125,-140,5.5,-115,5.5,-105
403,2,H,Philadelphia,0,2,3,5,105,120,5.5,-105,5.5,-115
403,3,V,Pittsburgh,0,1,0,1,-104,100,5,-125,5,-135
403,4,H,NYRangers,3,2,1,6,-116,-120,5,105,5,115
403,5,V,Edmonton,2,3,3,8,-104,-130,5.5,101,5.5,105
403,6,H,Calgary,2,0,0,2,-116,110,5.5,-121,5.5,-125
403,7,V,Dallas,0,0,2,2,150,170,5.5,117,5.5,125
403,8,H,Anaheim,1,2,2,5,-170,-200,5.5,-137,5.5,-145
403,9,V,Minnesota,0,2,0,2,124,125,5,-110,5,-115
403,10,H,SanJose,2,1,1,4,-144,-145,5,-110,5,-105
404,51,V,TampaBay,0,3,2,5,102,105,5.5,-123,5.5,-130
404,52,H,Carolina,0,0,0,0,-122,-125,5.5,103,5.5,110
404,53,V,NewJersey,0,0,0,0,160,180,5,-115,5,-105
404,54,H,Boston,0,1,0,1,-180,-210,5,-105,5,-115
404,55,V,NYIslanders,0,0,1,1,112,130,5.5,-104,5.5,-110
404,56,H,Washington,1,0,0,2,-132,-150,5.5,-116,5.5,-110
404,57,V,Philadelphia,2,2,1,5,114,135,5.5,-125,5.5,-130
404,58,H,Toronto,2,0,1,3,-134,-155,5.5,105,5.5,110
404,59,V,Winnipeg,1,0,0,1,153,135,5.5,-104,5.5,110
404,60,H,Montreal,1,2,1,4,-173,-155,5.5,-116,5.5,-130
404,61,V,Columbus,0,1,2,3,133,110,5,-120,5,-105
404,62,H,Nashville,0,1,0,1,-153,-130,5,100,5,-115
404,63,V,St.Louis,1,0,2,4,129,135,5.5,106,5.5,110
404,64,H,Chicago,0,2,1,3,-149,-155,5.5,-126,5.5,-130
404,65,V,Detroit,1,0,1,2,-105,-115,5,-140,5,-135
404,66,H,Phoenix,0,3,1,4,-115,-105,5,120,5,115
404,67,V,Edmonton,0,0,0,0,158,155,5,-115,5,-130
404,68,H,Vancouver,1,1,2,4,-178,-175,5,-105,5,110
404,69,V,Minnesota,0,0,0,0,154,160,5,-110,5,-120
404,70,H,LosAngeles,2,1,0,3,-174,-180,5,-110,5,100
405,1,V,Columbus,0,1,0,1,137,145,5,-125,5,-130
405,2,H,St.Louis,0,2,1,3,-157,-165,5,105,5,110
405,3,V,NYRangers,0,0,1,1,119,115,5,-125,5,-135
405,4,H,Pittsburgh,0,0,1,2,-139,-135,5,105,5,115
405,5,V,Ottawa,1,0,1,2,-108,-130,5,-120,5,-125
405,6,H,Buffalo,1,0,3,4,-112,110,5,100,5,105
405,7,V,Detroit,2,0,0,3,-104,-110,5.5,111,5.5,120
405,8,H,Colorado,1,0,1,2,-116,-110,5.5,-131,5.5,-140
405,9,V,Dallas,3,0,0,3,170,170,5.5,115,5.5,120
405,10,H,Anaheim,1,0,0,1,-190,-200,5.5,-135,5.5,-140
405,11,V,Calgary,1,0,0,1,200,220,5.5,-104,5.5,115
405,12,H,SanJose,0,0,2,2,-240,-270,5.5,-116,5.5,-135
406,51,V,Chicago,1,0,0,1,-125,-135,5,-120,5,-130
406,52,H,Nashville,0,0,0,0,105,115,5,100,5,110
406,53,V,Philadelphia,1,0,0,1,114,-105,5.5,-119,5.5,-125
406,54,H,Winnipeg,0,4,0,4,-134,-115,5.5,-101,5.5,105
406,55,V,Edmonton,0,1,0,1,153,160,5,-130,5,-135
406,56,H,LosAngeles,2,1,1,4,-173,-180,5,110,5,115
406,57,V,TampaBay,0,1,1,2,105,100,5.5,-114,5.5,-115
406,58,H,NYIslanders,1,1,2,4,-125,-120,5.5,-106,5.5,-105
406,59,V,NYRangers,0,3,1,4,-110,-120,5,-125,5,-135
406,60,H,Carolina,0,0,1,1,-110,100,5,105,5,115
406,61,V,Boston,0,1,0,1,-102,-115,5,-115,5,-120
406,62,H,Montreal,1,1,0,2,-118,-105,5,-105,5,100
406,63,V,Toronto,1,0,1,2,103,110,5.5,117,5.5,135
406,64,H,NewJersey,0,0,1,1,-123,-130,5.5,-137,5.5,-155
406,65,V,Washington,1,3,0,4,-118,-140,5.5,-109,5.5,120
406,66,H,Florida,0,0,3,3,-102,120,5.5,-111,5.5,-140
406,67,V,Colorado,0,0,0,0,124,170,5.5,117,5.5,115
406,68,H,Phoenix,1,3,0,4,-144,-190,5.5,-137,5.5,-135
406,69,V,Calgary,1,0,1,2,210,240,5.5,-104,5.5,115
406,70,H,Vancouver,2,2,1,5,-260,-300,5.5,-116,5.5,-135
407,1,V,St.Louis,0,1,0,1,-105,-110,5.5,100,5.5,110
407,2,H,Detroit,0,0,0,0,-115,-110,5.5,-120,5.5,-130
407,3,V,Dallas,0,2,2,5,173,180,5,-125,5,-125
407,4,H,SanJose,1,3,0,4,-193,-210,5,105,5,105
407,5,V,Minnesota,0,2,1,3,-105,-105,5,-125,5,-120
407,6,H,Columbus,0,0,0,0,-115,-115,5,105,5,100
407,7,V,Ottawa,1,0,0,1,-120,-155,5,-120,5,-130
407,8,H,Florida,0,1,1,2,100,135,5,100,5,110
407,9,V,NewJersey,1,0,1,2,-105,-105,5,-125,5,-110
407,10,H,Buffalo,1,1,0,3,-115,-115,5,105,5,-110
407,11,V,TampaBay,1,1,0,2,127,125,5.5,-120,5.5,-125
407,12,H,Washington,0,3,1,4,-147,-145,5.5,100,5.5,105
407,13,V,Nashville,1,1,1,3,160,180,5,-120,5,-125
407,14,H,Chicago,1,1,3,5,-180,-210,5,100,5,105
407,15,V,LosAngeles,0,2,1,3,105,-105,5,-120,5,-120
407,16,H,Anaheim,1,1,1,4,-125,-115,5,100,5,100
408,51,V,NYRangers,0,1,2,3,-104,-115,5,-130,5,-125
408,52,H,Toronto,1,2,1,4,-116,-105,5,110,5,105
408,53,V,Carolina,0,0,2,2,185,215,5,-130,5.5,125
408,54,H,Boston,3,2,1,6,-215,-255,5,110,5.5,-145
408,55,V,Calgary,0,2,1,3,130,135,5.5,110,5.5,-105
408,56,H,Colorado,0,1,0,1,-150,-155,5.5,-130,5.5,-115
408,57,V,Edmonton,0,0,1,1,140,130,5.5,115,5.5,115
408,58,H,Anaheim,1,0,1,2,-160,-150,5.5,-135,5.5,-135
408,59,V,Phoenix,0,0,0,0,150,140,5,-120,5,-110
408,60,H,Vancouver,1,0,1,2,-170,-160,5,100,5,-110
409,1,V,SanJose,0,0,0,0,-113,-125,5,-104,5,-110
409,2,H,Columbus,1,2,1,4,-107,105,5,-116,5,-110
409,3,V,Philadelphia,1,0,0,1,105,120,5.5,-123,5.5,-130
409,4,H,NYIslanders,1,1,2,4,-125,-140,5.5,103,5.5,110
409,5,V,Pittsburgh,2,0,3,5,-148,-170,5.5,106,5.5,110
409,6,H,Carolina,2,0,1,3,128,150,5.5,-126,5.5,-130
409,7,V,Washington,0,2,1,3,129,135,5.5,101,5.5,105
409,8,H,Montreal,1,0,1,2,-149,-155,5.5,-121,5.5,-125
409,9,V,Ottawa,1,0,1,2,109,115,5.5,-115,5.5,-105
409,10,H,TampaBay,0,2,1,3,-129,-135,5.5,-105,5.5,-115
409,11,V,Buffalo,0,0,1,1,139,135,5.5,106,5.5,125
409,12,H,Winnipeg,0,3,1,4,-159,-155,5.5,-126,5.5,-145
409,13,V,St.Louis,0,1,0,1,-125,-130,5,-109,5,-105
409,14,H,Nashville,0,0,0,0,105,110,5,-111,5,-115
409,15,V,Chicago,0,1,0,1,-108,-120,5,-115,5,-125
409,16,H,Minnesota,0,0,0,0,-112,100,5,-105,5,105
409,17,V,LosAngeles,1,0,0,1,-133,-140,5,-130,5,-125
409,18,H,Dallas,1,0,4,5,113,120,5,110,5,105
410,51,V,Toronto,0,1,1,2,133,155,5,-125,5,-130
410,52,H,NYRangers,0,2,0,3,-153,-175,5,105,5,110
410,53,V,Boston,3,1,1,5,-139,-140,5,105,5,110
410,54,H,NewJersey,0,2,2,4,119,120,5,-125,5,-130
410,55,V,Vancouver,1,0,3,4,-178,-190,5.5,111,5.5,130
410,56,H,Calgary,1,0,0,1,158,170,5.5,-131,5.5,-150
410,57,V,Phoenix,0,2,1,3,-102,105,5.5,117,5.5,130
410,58,H,Edmonton,0,0,1,1,-118,-125,5.5,-137,5.5,-150
410,59,V,Colorado,1,3,0,4,175,210,5.5,107,5.5,115
410,60,H,Anaheim,0,1,0,1,-205,-250,5.5,-127,5.5,-135
411,1,V,NYIslanders,1,1,0,2,158,140,5.5,112,5.5,130
411,2,H,Boston,0,1,0,1,-178,-160,5.5,-132,5.5,-150
411,3,V,Carolina,1,0,0,1,170,170,5.5,-114,5.5,-110
411,4,H,Washington,0,2,1,3,-190,-190,5.5,-106,5.5,-110
411,5,V,Ottawa,1,0,2,3,108,115,5.5,-103,5.5,105
411,6,H,Philadelphia,1,0,0,1,-128,-135,5.5,-117,5.5,-125
411,7,V,Montreal,2,2,1,5,-133,-140,5,-134,5,-160
411,8,H,Buffalo,0,0,1,1,113,120,5,114,5,140
411,9,V,Pittsburgh,2,1,3,6,-129,-140,5.5,-118,5.5,-125
411,10,H,TampaBay,1,1,1,3,109,120,5.5,-102,5.5,105
411,11,V,SanJose,1,0,1,3,-107,100,5,-114,5,-120
411,12,H,Detroit,0,1,1,2,-113,-120,5,-106,5,100
411,13,V,St.Louis,1,0,1,2,-109,-110,5,-105,5,110
411,14,H,Minnesota,0,0,0,0,-111,-110,5,-115,5,-130
411,15,V,Florida,2,0,0,2,143,150,5.5,107,5.5,115
411,16,H,Winnipeg,3,3,1,7,-163,-170,5.5,-127,5.5,-135
411,17,V,Colorado,0,1,1,2,205,230,5,-129,5,-140
411,18,H,LosAngeles,2,0,0,3,-245,-290,5,109,5,120
412,51,V,St.Louis,1,0,0,1,-114,-110,5,-104,5,-105
412,52,H,Columbus,1,2,1,4,-106,-110,5,-116,5,-115
412,53,V,Ottawa,0,2,0,2,124,120,5,-104,5,-110
412,54,H,NewJersey,0,0,0,0,-144,-140,5,-116,5,-110
412,55,V,Dallas,2,2,1,5,105,100,5,-115,5,-140
412,56,H,Nashville,1,0,1,2,-125,-120,5,-105,5,120
412,57,V,Detroit,0,2,0,2,160,180,5,-125,5,-135
412,58,H,Chicago,0,1,1,3,-180,-210,5,105,5,115
412,59,V,Phoenix,1,0,1,2,-145,-155,5,-125,5,-150
412,60,H,Calgary,1,1,0,3,125,135,5,105,5,130
413,1,V,Vancouver,0,2,1,3,-160,-175,5,-115,5,-125
413,2,H,Colorado,1,0,3,4,140,155,5,-105,5,105
413,3,V,Philadelphia,0,0,0,0,-105,100,5.5,-105,5.5,-115
413,4,H,Buffalo,0,0,1,1,-115,-120,5.5,-115,5.5,-105
413,5,V,NYRangers,0,0,0,1,-110,-105,5,-115,5,-130
413,6,H,NYIslanders,0,0,0,0,-110,-115,5,-105,5,110
413,7,V,Boston,1,1,0,2,-165,-170,5,-130,5.5,105
413,8,H,Carolina,1,1,2,4,145,150,5,110,5.5,-125
413,9,V,Montreal,1,0,0,1,-104,-115,5.5,105,5.5,100
413,10,H,Toronto,4,1,0,5,-116,-105,5.5,-125,5.5,-120
413,11,V,TampaBay,0,2,3,5,145,145,6,100,6,100
413,12,H,Washington,3,2,0,6,-165,-165,6,-120,6,-120
413,13,V,Pittsburgh,2,0,1,3,-180,-200,5.5,-105,5.5,-105
413,14,H,Florida,0,1,0,1,160,170,5.5,-115,5.5,-115
413,15,V,Columbus,0,2,0,3,124,130,5,-104,5,-110
413,16,H,Minnesota,1,0,1,2,-144,-150,5,-116,5,-110
413,17,V,SanJose,0,0,1,1,-134,-145,5.5,122,5.5,125
413,18,H,Dallas,2,0,0,2,114,125,5.5,-142,5.5,-145
413,19,V,Calgary,1,2,1,4,170,170,5.5,102,5.5,-110
413,20,H,Edmonton,1,0,0,1,-190,-200,5.5,-122,5.5,-110
413,21,V,Anaheim,0,1,0,1,125,125,5,-115,5,-135
413,22,H,LosAngeles,1,1,0,2,-145,-145,5,-105,5,115
414,51,V,Chicago,0,1,1,2,-101,-110,5.5,105,5,-125
414,52,H,St.Louis,0,0,0,0,-119,-110,5.5,-125,5,105
414,53,V,TampaBay,0,1,0,1,103,110,5.5,-108,5.5,-115
414,54,H,Buffalo,1,2,0,3,-123,-130,5.5,-112,5.5,-105
414,55,V,Detroit,0,1,2,3,-114,-140,5,-109,5,100
414,56,H,Nashville,0,0,0,0,-106,120,5,-111,5,-120
415,1,V,NewJersey,0,0,0,0,125,130,5,-135,5,-130
415,2,H,Toronto,0,0,2,2,-145,-150,5,115,5,110
415,5,V,Philadelphia,2,4,1,7,173,180,5.5,-110,5.5,100
415,6,H,Montreal,1,2,0,3,-193,-210,5.5,-110,5.5,-120
415,7,V,Vancouver,2,1,2,5,-150,-175,5,-115,5,-105
415,8,H,Nashville,0,2,0,2,130,155,5,-105,5,-115
415,9,V,Dallas,0,1,1,2,162,170,5.5,105,5.5,110
415,10,H,Chicago,1,1,3,5,-182,-200,5.5,-125,5.5,-130
415,11,V,Minnesota,1,1,2,4,-135,-155,5,-125,5,-135
415,12,H,Calgary,0,0,3,3,115,135,5,105,5,115
415,13,V,Columbus,0,1,2,4,-110,-120,5,-120,5,-120
415,14,H,Colorado,0,1,2,3,-110,100,5,100,5,100
415,15,V,SanJose,0,3,1,4,-104,-110,5,-115,5,-105
415,16,H,Phoenix,0,0,0,0,-116,-110,5,-105,5,-115
416,51,V,Florida,1,1,0,2,175,190,5.5,105,5.5,105
416,52,H,NYIslanders,3,2,0,5,-205,-230,5.5,-125,5.5,-125
416,53,V,Toronto,0,0,1,1,130,145,5.5,-110,5.5,-120
416,54,H,Washington,1,3,1,5,-150,-165,5.5,-110,5.5,100
416,55,V,Carolina,0,1,1,2,145,150,5.5,120,5.5,110
416,56,H,Ottawa,1,2,0,3,-165,-170,5.5,-140,5.5,-130
416,57,V,NYRangers,0,1,1,2,-135,-155,5,-120,5.5,110
416,58,H,Philadelphia,2,1,1,4,115,135,5,100,5.5,-130
416,59,V,TampaBay,1,0,2,3,140,120,5.5,-115,5.5,-120
416,60,H,Winnipeg,1,2,0,4,-160,-140,5.5,-105,5.5,100
416,61,V,Vancouver,0,1,0,1,105,115,5,-105,5,110
416,62,H,St.Louis,0,0,1,2,-125,-135,5,-115,5,-130
416,63,V,Minnesota,1,2,2,5,100,-105,5,-110,5,-110
416,64,H,Edmonton,1,0,2,3,-120,-115,5,-110,5,-110
416,65,V,LosAngeles,0,2,0,2,-104,-110,5,-120,5,-110
416,66,H,SanJose,0,2,0,3,-116,-110,5,100,5,-110
417,1,V,Montreal,0,2,2,4,114,120,5.5,107,5.5,110
417,2,H,Pittsburgh,3,2,1,6,-134,-140,5.5,-127,5.5,-130
417,3,V,Buffalo,1,0,1,3,175,210,5,-125,5,-135
417,4,H,Boston,1,1,0,2,-205,-260,5,105,5,115
417,5,V,Detroit,0,1,1,2,-153,-170,5.5,112,5.5,120
417,6,H,Calgary,1,0,2,3,133,150,5.5,-132,5.5,-140
417,7,V,Columbus,0,1,1,3,133,145,5,-115,5,-110
417,8,H,Anaheim,1,0,1,2,-153,-165,5,-105,5,-110
418,51,V,Florida,1,0,0,1,215,230,5,-115,5,-105
418,52,H,NYRangers,2,1,3,6,-255,-290,5,-105,5,-115
418,53,V,NYIslanders,3,1,1,5,105,110,5.5,-110,5.5,-110
418,54,H,Toronto,2,0,1,3,-125,-130,5.5,-110,5.5,-110
418,55,V,NewJersey,0,1,2,3,120,120,5.5,125,5.5,130
418,56,H,Philadelphia,0,0,0,0,-140,-140,5.5,-145,5.5,-150
418,57,V,Washington,0,1,0,1,-105,-110,5.5,115,5.5,130
418,58,H,Ottawa,0,2,1,3,-115,-110,5.5,-135,5.5,-150
418,59,V,TampaBay,0,1,1,2,160,140,5.5,-105,5.5,-120
418,60,H,Montreal,0,2,1,3,-180,-160,5.5,-115,5.5,100
418,61,V,Carolina,0,1,2,3,145,150,5.5,-110,5.5,-110
418,62,H,Winnipeg,1,1,1,4,-165,-170,5.5,-110,5.5,-110
418,63,V,Phoenix,0,0,1,1,160,155,5,110,5,100
418,64,H,St.Louis,1,0,0,2,-180,-175,5,-130,5,-120
418,65,V,Vancouver,0,1,0,1,-140,-135,5.5,125,5.5,135
418,66,H,Dallas,0,1,4,5,120,115,5.5,-145,5.5,-155
418,67,V,Minnesota,0,1,0,1,135,145,5,-105,5,105
418,68,H,SanJose,1,2,3,6,-155,-165,5,-115,5,-125
418,69,V,Columbus,0,1,0,1,155,170,5,-105,5,-105
418,70,H,LosAngeles,1,1,0,2,-175,-200,5,-115,5,-115
419,3,V,NYRangers,3,4,1,8,-123,-130,5,-115,5,-110
419,4,H,Buffalo,0,3,1,4,103,110,5,-105,5,-110
419,5,V,Dallas,0,0,1,1,150,155,5,-104,5,-115
419,6,H,St.Louis,1,1,0,2,-170,-175,5,-116,5,-105
419,7,V,Nashville,2,1,1,4,215,230,5,-115,5,-115
419,8,H,Chicago,2,1,1,5,-255,-280,5,-105,5,-105
419,9,V,Anaheim,0,0,1,1,-163,-170,5.5,102,5.5,105
419,10,H,Calgary,0,1,2,3,143,150,5.5,-122,5.5,-125
419,11,V,Edmonton,2,2,0,4,-103,105,5,-125,5,-155
419,12,H,Colorado,1,0,0,1,-117,-125,5,105,5,135
420,51,V,Florida,2,0,0,2,158,190,5,-111,5,-105
420,52,H,NewJersey,1,4,1,6,-178,-230,5,-109,5,-115
420,53,V,NYIslanders,2,1,1,5,103,-110,5.5,-109,5.5,-105
420,54,H,Winnipeg,1,2,1,4,-123,-110,5.5,-111,5.5,-115
420,57,V,Washington,2,2,1,5,124,130,5.5,-103,5.5,100
420,58,H,Montreal,0,0,1,1,-144,-150,5.5,-117,5.5,-120
420,59,V,Toronto,0,2,2,4,-102,110,5.5,112,5,-140
420,60,H,Ottawa,0,1,0,1,-118,-130,5.5,-132,5,120
420,61,V,Philadelphia,1,2,2,5,-106,-105,5.5,-128,5.5,-125
420,62,H,Carolina,1,1,1,3,-114,-115,5.5,108,5.5,105
420,63,V,Phoenix,2,0,0,3,170,170,5,-125,5,-130
420,64,H,Chicago,1,1,0,2,-190,-200,5,105,5,110
420,65,V,Detroit,1,0,0,1,145,120,5,-120,5,-115
420,66,H,Vancouver,1,0,0,2,-165,-140,5,100,5,-105
420,67,V,Pittsburgh,0,1,2,3,103,130,5.5,122,5.5,125
420,68,H,Boston,1,0,1,2,-123,-150,5.5,-142,5.5,-145
421,1,V,Florida,0,0,0,0,220,290,5.5,117,5.5,110
421,2,H,Boston,1,1,1,3,-270,-360,5.5,-137,5.5,-130
421,3,V,NewJersey,0,0,1,1,157,170,5,-105,5,115
421,4,H,NYRangers,2,1,1,4,-177,-190,5,-115,5,-135
421,5,V,Calgary,1,1,2,4,190,210,5,-115,5,-140
421,6,H,Minnesota,1,0,0,1,-220,-260,5,-105,5,120
421,7,V,Carolina,3,0,0,3,134,145,6,-103,6,-120
421,8,H,TampaBay,0,1,1,2,-154,-165,6,-117,6,100
421,9,V,St.Louis,1,1,1,3,-154,-170,5,-115,5,-110
421,10,H,Colorado,2,2,1,5,134,150,5,-105,5,-110
421,11,V,Columbus,1,2,1,4,143,155,5,-111,5,100
421,12,H,SanJose,0,1,2,3,-163,-175,5,-109,5,-120
421,13,V,Anaheim,1,1,1,3,-113,-135,5,-120,5,-135
421,14,H,Edmonton,1,0,0,1,-107,115,5,100,5,115
421,15,V,Dallas,0,2,1,3,170,170,5,-120,5,-120
421,16,H,LosAngeles,1,1,1,4,-190,-190,5,100,5,100
422,51,V,Winnipeg,0,1,1,2,-109,-125,5.5,100,5.5,100
422,52,H,Buffalo,0,1,0,1,-111,105,5.5,-120,5.5,-120
422,53,V,Pittsburgh,2,0,1,3,-115,100,5.5,120,5,-130
422,54,H,Ottawa,0,0,1,1,-105,-120,5.5,-140,5,110
422,55,V,Phoenix,0,0,0,0,120,140,5,-115,5,-105
422,56,H,Detroit,2,1,1,4,-140,-160,5,-105,5,-115
422,57,V,Anaheim,2,0,1,3,-115,-135,5.5,115,5.5,125
422,58,H,Edmonton,0,0,0,0,-105,115,5.5,-135,5.5,-145
422,59,V,Chicago,0,0,1,1,-105,-115,5,-130,5,-130
422,60,H,Vancouver,1,2,0,3,-115,-105,5,110,5,110
423,1,V,Winnipeg,0,2,1,3,139,180,5.5,-113,5.5,-110
423,2,H,Washington,2,2,1,5,-159,-210,5.5,-107,5.5,-110
423,3,V,Montreal,0,2,0,2,-120,-130,5,-125,5,-125
423,4,H,NewJersey,2,1,0,3,100,110,5,105,5,105
423,5,V,NYIslanders,1,1,1,3,-135,-155,5.5,-118,5.5,-130
423,6,H,Carolina,2,1,0,4,115,135,5.5,-102,5.5,110
423,7,V,Boston,1,0,1,2,-130,-145,5.5,107,5.5,110
423,8,H,Philadelphia,1,2,2,5,110,125,5.5,-127,5.5,-130
423,9,V,NYRangers,0,0,2,2,-222,-250,5,-130,5,-125
423,10,H,Florida,0,1,2,3,192,210,5,110,5,105
423,11,V,Calgary,1,1,1,3,113,125,5,-125,5,-140
423,12,H,Nashville,1,1,2,4,-133,-145,5,105,5,120
423,13,V,Colorado,0,1,0,1,192,200,5,-115,5,-120
423,14,H,St.Louis,1,2,0,3,-232,-240,5,-105,5,100
423,15,V,LosAngeles,0,1,0,1,-113,-110,5,-111,5,100
423,16,H,Minnesota,2,0,0,2,-107,-110,5,-109,5,-120
423,17,V,Dallas,1,1,0,2,155,150,5,-135,5,-140
423,18,H,SanJose,1,0,2,3,-175,-170,5,115,5,120
423,19,V,Buffalo,1,0,3,4,175,200,5.5,100,5.5,100
423,20,H,Pittsburgh,1,0,1,2,-205,-240,5.5,-120,5.5,-120
424,51,V,Toronto,1,1,0,2,-110,-115,6,-105,6,-110
424,52,H,TampaBay,0,2,3,5,-110,-105,6,-115,6,-110
424,53,V,LosAngeles,0,1,0,1,100,130,5,-113,5,-110
424,54,H,Detroit,0,1,2,3,-120,-150,5,-107,5,-110
424,55,V,Chicago,2,0,2,4,-155,-190,5.5,110,5.5,120
424,56,H,Edmonton,1,0,0,1,135,170,5.5,-130,5.5,-140
424,57,V,SanJose,0,1,0,1,-110,100,5,-110,5,-120
424,58,H,Phoenix,2,0,0,2,-110,-120,5,-110,5,100
425,1,V,NYRangers,2,0,1,4,-145,-170,5.5,123,5.5,125
425,2,H,Carolina,0,2,1,3,125,150,5.5,-143,5.5,-145
425,3,V,Ottawa,0,1,0,2,124,100,5,-135,5,-155
425,4,H,Washington,0,0,1,1,-144,-120,5,115,5,135
425,5,V,NYIslanders,0,1,0,1,-112,105,6,-113,6,-115
425,6,H,Philadelphia,1,0,1,2,-108,-125,6,-107,6,-105
425,7,V,Toronto,2,2,0,4,-155,-155,5.5,-107,5.5,-115
425,8,H,Florida,0,0,0,0,135,135,5.5,-113,5.5,-105
425,9,V,Pittsburgh,1,1,0,2,-120,-130,5.5,108,5.5,115
425,10,H,NewJersey,0,1,2,3,100,110,5.5,-128,5.5,-135
425,11,V,Nashville,2,0,0,2,170,210,5,-105,5,-115
425,12,H,Detroit,1,3,1,5,-200,-250,5,-115,5,-105
425,13,V,Montreal,0,1,3,4,-104,-120,5.5,-114,5.5,100
425,14,H,Winnipeg,1,1,0,2,-116,100,5.5,-106,5.5,-120
425,15,V,Calgary,0,1,0,1,105,200,5,-130,5,-125
425,16,H,St.Louis,0,3,1,4,-125,-240,5,110,5,105
425,17,V,Columbus,1,0,2,3,103,-105,5,110,5,-115
425,18,H,Dallas,0,1,0,1,-123,-115,5,-130,5,-105
425,19,V,Anaheim,0,2,1,3,130,170,5,-111,5,-110
425,20,H,Vancouver,0,0,1,1,-150,-190,5,-109,5,-110
425,21,V,TampaBay,0,0,0,0,180,210,5.5,-109,5.5,-110
425,22,H,Boston,0,2,0,2,-210,-250,5.5,-111,5.5,-110
426,51,V,NYIslanders,0,0,1,1,-120,-120,5.5,-109,5.5,-105
426,52,H,Buffalo,0,1,0,2,100,100,5.5,-111,5.5,-115
426,53,V,Edmonton,3,3,0,6,170,210,5,-109,5,-110
426,54,H,Minnesota,0,0,1,1,-200,-260,5,-111,5,-110
426,55,V,Calgary,0,1,0,1,192,230,5.5,-103,5.5,105
426,56,H,Chicago,2,0,1,3,-222,-280,5.5,-117,5.5,-125
426,57,V,Colorado,3,1,0,5,140,155,5,-115,5.5,105
426,58,H,Phoenix,2,1,1,4,-160,-175,5,-105,5.5,-125
427,1,V,NewJersey,0,0,0,0,150,160,5,105,5,110
427,2,H,NYRangers,2,1,1,4,-170,-180,5,-125,5,-130
427,3,V,Florida,1,1,3,5,158,170,5.5,-137,5.5,-135
427,4,H,TampaBay,2,1,0,3,-178,-190,5.5,117,5.5,115
427,5,V,Nashville,0,1,0,1,195,210,5,-115,5,-120
427,6,H,Columbus,0,0,3,3,-225,-260,5,-105,5,100
427,7,V,Boston,1,1,0,2,-125,-125,5.5,118,5.5,130
427,8,H,Washington,0,0,2,3,105,105,5.5,-138,5.5,-150
427,9,V,Carolina,0,3,0,3,175,190,5.5,-137,5.5,-135
427,10,H,Pittsburgh,1,2,5,8,-195,-230,5.5,117,5.5,115
427,11,V,Philadelphia,1,0,1,2,150,160,5.5,105,5.5,115
427,12,H,Ottawa,0,1,0,1,-170,-180,5.5,-125,5.5,-135
427,13,V,Montreal,1,2,1,4,-125,-105,5.5,-102,5.5,100
427,14,H,Toronto,1,0,0,1,105,-115,5.5,-118,5.5,-120
427,15,V,Minnesota,1,1,1,3,-140,-145,5,-135,5,-145
427,16,H,Colorado,1,0,0,1,120,125,5,115,5,125
427,17,V,Chicago,0,0,1,1,124,200,5,-104,5,-115
427,18,H,St.Louis,2,1,0,3,-144,-240,5,-116,5,-105
427,19,V,Detroit,1,0,2,3,-125,-155,5,-125,5,-145
427,20,H,Dallas,0,0,0,0,105,135,5,105,5,125
427,21,V,Vancouver,1,0,1,2,-125,-125,5,-120,5,-125
427,22,H,Edmonton,0,1,6,7,105,105,5,100,5,105
427,23,V,Phoenix,2,1,2,5,135,150,5,-109,5,-120
427,24,H,Anaheim,1,1,1,3,-155,-170,5,-111,5,100
427,25,V,SanJose,0,1,1,2,130,130,5,-105,5,100
427,26,H,LosAngeles,0,2,1,3,-150,-150,5,-115,5,-120
428,31,V,Ottawa,1,1,2,4,190,170,5,105,5,105
428,32,H,Boston,0,1,1,2,-230,-200,5,-125,5,-125
430,51,V,Minnesota,1,0,0,1,185,210,5,-104,5,-110
430,52,H,Chicago,0,1,0,2,-215,-260,5,-116,5,-110
430,53,V,LosAngeles,0,0,1,1,105,100,5,120,5,135
430,54,H,St.Louis,1,0,0,2,-125,-120,5,-140,5,-155
430,55,V,Detroit,1,0,0,1,124,120,5,-105,5,100
430,56,H,Anaheim,1,0,2,3,-144,-140,5,-115,5,-120
501,57,V,Toronto,1,0,0,1,160,160,5,-125,5,-130
501,58,H,Boston,2,2,0,4,-180,-180,5,105,5,110
501,59,V,NYIslanders,0,0,0,0,195,200,5.5,-114,5.5,-110
501,60,H,Pittsburgh,2,3,0,5,-225,-240,5.5,-106,5.5,-110
501,61,V,SanJose,0,1,2,3,124,115,5,120,5,115
501,62,H,Vancouver,0,1,0,1,-144,-135,5,-140,5,-135
502,63,V,Ottawa,1,0,3,4,150,120,5,100,5,110
502,64,H,Montreal,0,2,0,2,-170,-140,5,-120,5,-130
502,65,V,NYRangers,1,0,0,1,110,110,5,100,5,-105
502,66,H,Washington,0,3,0,3,-130,-130,5,-120,5,-115
502,67,V,LosAngeles,1,0,0,1,-105,110,5,115,5,145
502,68,H,St.Louis,0,0,2,2,-115,-130,5,-135,5,-165
502,69,V,Detroit,2,1,1,5,115,115,5,115,5,120
502,70,H,Anaheim,0,1,3,4,-135,-135,5,-135,5,-140
503,71,V,Ottawa,0,1,0,1,123,115,5,-107,5,100
503,72,H,Montreal,0,3,0,3,-143,-135,5,-113,5,-120
503,73,V,NYIslanders,1,2,1,4,190,210,5.5,-110,5.5,-110
503,74,H,Pittsburgh,3,0,0,3,-230,-260,5.5,-110,5.5,-110
503,75,V,Minnesota,0,1,1,2,200,210,5,-105,5,-110
503,76,H,Chicago,1,1,3,5,-240,-260,5,-115,5,-110
503,77,V,SanJose,1,0,1,3,120,110,5,120,5,110
503,78,H,Vancouver,0,0,2,2,-140,-130,5,-140,5,-130
504,79,V,NYRangers,0,0,0,0,105,110,5,105,5,100
504,80,H,Washington,0,0,0,1,-125,-130,5,-125,5,-120
504,81,V,Toronto,0,2,2,4,162,180,5,-115,5,-125
504,82,H,Boston,0,1,1,2,-182,-210,5,-105,5,105
504,83,V,Anaheim,0,1,3,4,110,120,5,105,5,110
504,84,H,Detroit,0,0,0,0,-130,-140,5,-125,5,-130
504,85,V,St.Louis,0,0,0,0,133,130,4.5,-125,4.5,-130
504,86,H,LosAngeles,0,1,0,1,-153,-150,4.5,105,4.5,110
505,1,V,Pittsburgh,3,1,0,5,-160,-170,5.5,-104,5.5,-120
505,2,H,NYIslanders,2,0,2,4,140,150,5.5,-116,5.5,100
505,3,V,Chicago,1,0,1,2,-160,-170,5,-110,5,-105
505,4,H,Minnesota,1,0,1,3,140,150,5,-110,5,-115
505,5,V,Montreal,1,0,0,1,115,115,5,100,5,115
505,6,H,Ottawa,1,1,4,6,-135,-135,5,-120,5,-135
505,7,V,Vancouver,0,1,1,2,120,125,5,105,5,125
505,8,H,SanJose,1,1,3,5,-140,-145,5,-125,5,-145
506,9,V,Boston,1,3,1,5,-125,-130,5,-130,5,-135
506,10,H,Toronto,0,1,1,2,105,110,5,110,5,115
506,11,V,Washington,1,1,1,3,118,135,5,115,5,100
506,12,H,NYRangers,1,1,2,4,-138,-155,5,-135,5,-120
506,13,V,Anaheim,1,0,1,2,103,110,5,110,5,105
506,14,H,Detroit,0,0,2,3,-123,-130,5,-130,5,-125
506,15,V,St.Louis,2,1,0,3,124,125,4.5,-109,4.5,-115
506,16,H,LosAngeles,2,0,2,4,-144,-145,4.5,-111,4.5,-105
507,17,V,Montreal,0,2,0,2,120,120,5,-104,5,-110
507,18,H,Ottawa,0,0,2,3,-140,-140,5,-116,5,-110
507,19,V,Pittsburgh,1,2,1,4,-155,-175,6,105,6,105
507,20,H,NYIslanders,1,2,3,6,135,155,6,-125,6,-125
507,21,V,Chicago,1,1,1,3,-170,-175,5,-105,5,-110
507,22,H,Minnesota,0,0,0,0,150,155,5,-115,5,-110
507,23,V,Vancouver,1,0,2,3,140,145,5,-110,5,100
507,24,H,SanJose,2,0,1,4,-160,-165,5,-110,5,-120
508,25,V,Boston,0,3,0,4,-135,-135,5,-140,5,-150
508,26,H,Toronto,2,1,0,3,115,115,5,120,5,130
508,27,V,Washington,0,2,1,3,120,110,5,-105,5,100
508,28,H,NYRangers,1,1,2,4,-140,-130,5,-115,5,-120
508,29,V,LosAngeles,0,1,1,3,110,110,4.5,-130,4.5,-130
508,30,H,St.Louis,0,1,1,2,-130,-130,4.5,110,4.5,110
508,31,V,Detroit,1,1,0,2,125,120,5,105,5,110
508,32,H,Anaheim,1,1,0,3,-145,-140,5,-125,5,-130
509,33,V,Ottawa,2,1,3,6,102,100,5,-109,5,-120
509,34,H,Montreal,1,0,0,1,-122,-120,5,-111,5,100
509,35,V,NYIslanders,0,0,0,0,170,210,6,-104,6,-115
509,36,H,Pittsburgh,0,3,1,4,-200,-260,6,-116,6,-105
509,37,V,Minnesota,0,1,0,1,215,230,5,-105,5,-115
509,38,H,Chicago,1,3,1,5,-265,-280,5,-115,5,-105
510,51,V,Toronto,0,1,1,2,175,190,5.5,122,5.5,125
510,52,H,Boston,0,0,1,1,-205,-230,5.5,-142,5.5,-145
510,53,V,NYRangers,1,0,0,1,114,115,5,-111,5,-105
510,54,H,Washington,0,1,0,2,-134,-135,5,-109,5,-115
510,55,V,Anaheim,0,1,2,3,103,110,5,-105,5,105
510,56,H,Detroit,1,0,2,4,-123,-130,5,-115,5,-125
510,57,V,St.Louis,0,1,0,1,129,140,4.5,-120,4.5,-135
510,58,H,LosAngeles,1,1,0,2,-149,-160,4.5,100,4.5,115
511,59,V,Pittsburgh,1,1,1,4,-165,-185,6,-105,6,105
511,60,H,NYIslanders,2,0,1,3,145,165,6,-115,6,-125
512,69,V,Washington,0,0,0,0,115,125,5,-111,5,100
512,70,H,NYRangers,0,1,0,1,-135,-145,5,-109,5,-120
512,73,V,Boston,0,0,1,1,-130,-145,5,-130,5,-145
512,74,H,Toronto,0,0,2,2,110,125,5,110,5,125
512,77,V,Detroit,2,1,0,3,114,135,5,100,5,110
512,78,H,Anaheim,1,0,1,2,-134,-155,5,-120,5,-130
513,79,V,Toronto,1,1,2,4,163,150,5,-104,5,-125
513,80,H,Boston,1,0,3,5,-183,-170,5,-116,5,105
513,81,V,NYRangers,1,2,2,5,113,115,5,105,5,135
513,82,H,Washington,0,0,0,0,-133,-135,5,-125,5,-155
514,1,V,Ottawa,1,0,0,1,170,170,5.5,-110,5.5,100
514,2,H,Pittsburgh,2,1,1,4,-200,-190,5.5,-110,5.5,-120
514,3,V,SanJose,0,0,0,0,140,135,5,125,5,125
514,4,H,LosAngeles,1,1,0,2,-160,-155,5,-145,5,-145
515,7,V,Detroit,1,0,0,1,173,190,5,-110,5,-115
515,8,H,Chicago,1,0,3,4,-193,-220,5,-110,5,-105
516,5,V,NYRangers,0,1,1,2,130,100,5,105,5,125
516,6,H,Boston,0,1,1,3,-150,-120,5,-125,5,-145
516,9,V,SanJose,0,2,1,3,123,135,4.5,-125,4.5,-140
516,10,H,LosAngeles,1,1,2,4,-143,-155,4.5,105,4.5,120
517,11,V,Ottawa,1,1,1,3,170,190,5.5,-103,5.5,105
517,12,H,Pittsburgh,2,2,0,4,-190,-220,5.5,-117,5.5,-125
518,13,V,Detroit,0,2,2,4,170,190,5,-110,5,-115
518,14,H,Chicago,1,0,0,1,-200,-230,5,-110,5,-105
518,15,V,LosAngeles,1,0,0,1,103,125,4.5,-125,5,120
518,16,H,SanJose,1,0,0,2,-123,-145,4.5,105,5,-140
519,17,V,NYRangers,1,1,0,2,103,105,5,110,5,120
519,18,H,Boston,1,2,2,5,-123,-125,5,-130,5,-140
519,19,V,Pittsburgh,0,1,0,1,-125,-140,5.5,-104,5.5,-110
519,20,H,Ottawa,0,0,1,2,105,120,5.5,-116,5.5,-110
520,21,V,Chicago,0,0,1,1,-135,-145,5,-104,5,-110
520,22,H,Detroit,0,2,1,3,115,125,5,-116,5,-110
521,23,V,Boston,0,0,2,2,115,130,5,103,5,115
521,24,H,NYRangers,0,1,0,1,-135,-150,5,-123,5,-135
521,25,V,LosAngeles,0,0,1,1,115,120,4.5,-140,4.5,-150
521,26,H,SanJose,1,1,0,2,-135,-140,4.5,120,4.5,130
522,27,V,Pittsburgh,1,2,4,7,-140,-145,5.5,103,5.5,105
522,28,H,Ottawa,2,0,1,3,120,125,5.5,-123,5.5,-125
523,29,V,Boston,0,2,1,3,-107,-105,5,117,5,130
523,30,H,NYRangers,0,1,2,4,-113,-115,5,-137,5,-150
523,31,V,Chicago,0,0,0,0,-137,-145,5,-105,5,-110
523,32,H,Detroit,0,1,1,2,117,125,5,-115,5,-110
523,33,V,SanJose,0,0,0,0,129,135,4.5,-130,4.5,-140
523,34,H,LosAngeles,0,1,2,3,-149,-155,4.5,110,4.5,120
524,51,V,Ottawa,0,1,1,2,190,210,5.5,-105,5.5,-110
524,52,H,Pittsburgh,1,3,2,6,-220,-250,5.5,-115,5.5,-110
525,53,V,NYRangers,1,0,0,1,135,150,5,120,5,115
525,54,H,Boston,0,2,1,3,-155,-170,5,-140,5,-135
525,55,V,Detroit,0,1,0,1,180,170,5,120,5,105
525,56,H,Chicago,1,2,1,4,-210,-190,5,-140,5,-125
526,59,V,LosAngeles,0,1,0,1,110,110,4.5,-135,4.5,-140
526,60,H,SanJose,1,1,0,2,-130,-130,4.5,115,4.5,120
527,63,V,Chicago,1,0,3,4,-122,-135,5,118,5,115
527,64,H,Detroit,1,1,1,3,102,115,5,-138,5,-135
528,67,V,SanJose,0,0,1,1,135,140,4.5,-130,4.5,-125
528,68,H,LosAngeles,0,2,0,2,-155,-160,4.5,110,4.5,105
529,71,V,Detroit,0,0,1,1,185,190,5,108,5,100
529,72,H,Chicago,0,1,0,2,-215,-230,5,-128,5,-120
601,1,V,Boston,1,0,2,3,150,170,5.5,-105,5.5,105
601,2,H,Pittsburgh,0,0,0,0,-170,-190,5.5,-115,5.5,-125
601,3,V,LosAngeles,1,0,0,1,135,145,5,120,5,135
601,4,H,Chicago,0,2,0,2,-155,-165,5,-140,5,-155
602,5,V,LosAngeles,0,1,1,2,140,160,5,126,4.5,-135
602,6,H,Chicago,2,2,0,4,-160,-180,5,-146,4.5,115
603,7,V,Boston,4,0,2,6,160,170,5.5,105,5.5,100
603,8,H,Pittsburgh,1,0,0,1,-180,-200,5.5,-125,5.5,-120
604,9,V,Chicago,0,1,0,1,115,105,4.5,-140,4.5,-140
604,10,H,LosAngeles,1,1,1,3,-135,-125,4.5,120,4.5,120
605,11,V,Pittsburgh,0,1,0,1,100,-110,5.5,100,5.5,100
605,12,H,Boston,1,0,0,2,-120,-110,5.5,-120,5.5,-120
606,13,V,Chicago,1,1,1,3,100,115,4.5,-135,4.5,-135
606,14,H,LosAngeles,1,1,0,2,-120,-135,4.5,115,4.5,115
607,15,V,Pittsburgh,0,0,0,0,102,-105,5.5,105,5.5,115
607,16,H,Boston,0,0,1,1,-122,-115,5.5,-125,5.5,-135
608,17,V,LosAngeles,0,1,2,3,143,180,4.5,-130,4.5,-135
608,18,H,Chicago,2,0,1,4,-163,-210,4.5,110,4.5,115
612,51,V,Boston,1,1,1,3,135,135,5,130,5,125
612,52,H,Chicago,0,1,2,4,-155,-155,5,-150,5,-145
615,53,V,Boston,0,1,0,2,135,125,5,120,5,125
615,54,H,Chicago,1,0,0,1,-155,-145,5,-140,5,-145
617,55,V,Chicago,0,0,0,0,105,125,5,120,5,125
617,56,H,Boston,0,2,0,2,-125,-145,5,-140,5,-145
619,57,V,Chicago,1,3,1,6,115,115,4.5,-140,4.5,-130
619,58,H,Boston,1,2,2,5,-135,-135,4.5,120,4.5,110
622,59,V,Boston,0,0,1,1,130,130,5,120,5,125
622,60,H,Chicago,1,1,1,3,-150,-150,5,-140,5,-145
624,61,V,Chicago,0,1,2,3,110,115,4.5,-145,4.5,-145
624,62,H,Boston,1,0,1,2,-130,-135,4.5,125,4.5,125